32709894996	83d3d4f06	1		2026-08-24T09:08:27Z
32709141858	83d3d4f06	1	success	2026-08-24T08:59:58Z
32708737074	23722525f	1	success	2026-08-24T08:55:14Z
32708309917	4664de592	1	success	2026-08-24T08:50:07Z
32707399066	7f125f150	1	success	2026-08-24T08:39:16Z
32707148473	ec1837038	1	success	2026-08-24T08:36:12Z
32705117217	61e30768d	1	success	2026-08-24T08:12:22Z
32700742241	c4e90cd58	1	success	2026-08-24T07:15:57Z
32699634668	f6958b109	1	success	2026-08-24T07:00:27Z
32699101412	9fe683ea2	1	success	2026-08-24T06:52:36Z
32695245772	ea4c6736f	1	success	2026-08-24T05:55:14Z
32693392835	b2ad9158c	1	success	2026-08-24T05:23:57Z
32691252317	ed8157999	1	success	2026-08-24T04:46:25Z
32690899325	b9083d167	1	success	2026-08-24T04:40:39Z
32690655195	57ad7d14c	1	success	2026-08-24T04:36:41Z
32689819148	9a82f1e6e	1	success	2026-08-24T04:23:18Z
32689594266	786102520	1	success	2026-08-24T04:19:45Z
32689558095	d1cb2ad61	1	success	2026-08-24T04:19:13Z
32689069453	ed371db4e	1	cancelled	2026-08-24T04:11:20Z
32688827360	3aca6769d	1	success	2026-08-24T04:07:20Z
32688812028	97af33a61	1	success	2026-08-24T04:07:03Z
32687997073	ed934fa3b	1	success	2026-08-24T03:53:11Z
32687959830	b6a9099ad	1	success	2026-08-24T03:52:30Z
32687843472	7ddeb8099	2	success	2026-08-24T03:50:26Z
32663458381	17ec12a20	1	success	2026-08-23T20:07:56Z
32662338690	5dddbd08f	1	failure	2026-08-23T19:47:07Z
32661267245	ab0f575f4	1	success	2026-08-23T19:27:01Z
32660453987	b5e614ec0	1	success	2026-08-23T19:11:27Z
32660312124	aefad57bd	1	success	2026-08-23T19:08:51Z
32659795465	e0a8727b5	1	success	2026-08-23T18:59:27Z
32659193501	2fd17d8a6	1	success	2026-08-23T18:48:09Z
32655602094	765b2b597	1	success	2026-08-23T17:40:39Z
32654338618	f9b91e467	1	success	2026-08-23T17:17:10Z
32654117351	0b925eb8b	1	success	2026-08-23T17:13:01Z
32653454720	f1873f470	1	success	2026-08-23T17:00:37Z
32653172059	169dacd03	1	failure	2026-08-23T16:55:16Z
32652735679	f14e5018f	1	success	2026-08-23T16:46:49Z
32652653999	23722525f	1	success	2026-08-23T16:45:17Z
32651437937	4c0dab511	1	success	2026-08-23T16:22:03Z
32651288393	10a000410	1	success	2026-08-23T16:19:05Z
32651159020	55afb746f	1	success	2026-08-23T16:16:30Z
32650580937	5a927d18d	1	success	2026-08-23T16:05:16Z
32650275635	7fc161b36	1	success	2026-08-23T15:59:36Z
32650181697	9a9611659	1	cancelled	2026-08-23T15:57:42Z
32649996687	6cff45386	1	success	2026-08-23T15:54:06Z
32649753663	29bc2077b	1	success	2026-08-23T15:49:29Z
32649667498	a6890f9a6	1	success	2026-08-23T15:47:49Z
32649344195	b37e86b64	1	success	2026-08-23T15:41:31Z
32649259222	28bde4022	1	success	2026-08-23T15:39:55Z
32649223472	6b1ca1a09	1	cancelled	2026-08-23T15:39:14Z
32649209998	84bb290a2	1	cancelled	2026-08-23T15:38:58Z
32648914400	b4b8bdfbe	1	failure	2026-08-23T15:33:16Z
32648347865	915c310de	1	success	2026-08-23T15:22:28Z
32646873190	711bfdbba	1	success	2026-08-23T14:54:34Z
32643066306	63d51b453	1	success	2026-08-23T13:40:29Z
32642695405	815450ee3	1	success	2026-08-23T13:33:11Z
32642545760	d688fc979	1	success	2026-08-23T13:30:19Z
32642299940	80d62bf46	1	success	2026-08-23T13:25:27Z
32638957965	704320eef	1	failure	2026-08-23T12:17:09Z
32638477046	3b17fcbd3	1	success	2026-08-23T12:07:09Z
32637235420	ee0095f66	1	success	2026-08-23T11:41:03Z
32636898418	f2430ccf1	1	success	2026-08-23T11:33:57Z
32636250204	7e6044b67	1	success	2026-08-23T11:20:11Z
32635635430	61e8dd5ea	1	success	2026-08-23T11:07:08Z
32635054895	7f5c8f8d9	1	success	2026-08-23T10:54:53Z
32627980913	76b2c4ece	1	success	2026-08-23T08:20:05Z
32627732675	1b8ab232f	1	success	2026-08-23T08:14:29Z
32627153899	4fd567db4	1	success	2026-08-23T08:01:46Z
32626895266	6705064ac	1	failure	2026-08-23T07:56:04Z
32518595209	1519f2660	1	success	2026-08-21T19:27:51Z
32517582247	29b0c5975	1	success	2026-08-21T19:16:03Z
32516519108	b5f43bb30	1	cancelled	2026-08-21T19:03:41Z
32448468972	5a1b74d55	1	success	2026-08-21T04:52:19Z
32447398787	ff75553ad	2	success	2026-08-21T04:34:02Z
32446660757	2773a3ec0	1	success	2026-08-21T04:21:35Z
32445462169	6f138f04e	2	success	2026-08-21T04:01:50Z
32429213275	ecf9e3376	2	failure	2026-08-20T23:34:25Z
32419204944	3286e3c36	1	success	2026-08-20T21:24:03Z
32414395649	572b05cb2	1	success	2026-08-20T20:29:52Z
32411142789	0fbd4f526	1	success	2026-08-20T19:53:50Z
32399615128	9398e4423	1	failure	2026-08-20T17:48:03Z
32393336562	85839204a	1	success	2026-08-20T16:40:42Z
32379318901	b50a0b933	1	success	2026-08-20T14:18:15Z
32379169934	ea76a118b	1	cancelled	2026-08-20T14:16:45Z
32374804134	027f03661	1	success	2026-08-20T13:32:00Z
32350847273	738e3026e	1	success	2026-08-20T08:50:58Z
32345530623	df60bff62	1	success	2026-08-20T07:46:03Z
32343219380	1671abf87	1	success	2026-08-20T07:16:05Z
32332621037	6c2cc63f8	1	failure	2026-08-20T04:38:33Z
32318925779	257b7cd94	1	success	2026-08-20T00:52:11Z
32318581885	2afc58063	1	cancelled	2026-08-20T00:46:43Z
32316474635	76ef8a764	1	success	2026-08-20T00:13:35Z
32313961048	f5598871f	1	success	2026-08-19T23:36:27Z
32281097767	ca7e15fa2	1	success	2026-08-19T17:21:09Z
32090718235	4100d8767	1	success	2026-08-18T02:07:47Z
32089524720	5abd4f225	1	success	2026-08-18T01:48:22Z
32087341259	1bd9140eb	1	success	2026-08-18T01:11:49Z
32086379102	52c5f7ab3	1	success	2026-08-18T00:56:13Z
32086103505	44928f38f	1	cancelled	2026-08-18T00:51:45Z
32085967404	8138616ed	1	cancelled	2026-08-18T00:49:33Z
