.moai/specs/SPEC-CODEX-STALE-SPLIT-FOURTH-001/spec.md	REQ-SSF-007	.moai/specs/SPEC-CODEX-STALE-SPLIT-FOURTH-001/acceptance.md
.moai/specs/SPEC-DOCS-SITE-001/spec.md	REQ-DS-10	.moai/specs/SPEC-DOCS-SITE-001/acceptance.md
.moai/specs/SPEC-DOCS-SITE-001/spec.md	REQ-DS-11	.moai/specs/SPEC-DOCS-SITE-001/acceptance.md
.moai/specs/SPEC-INTEGRATION-LOCK-ATOMIC-001/spec.md	REQ-ILA-011	.moai/specs/SPEC-INTEGRATION-LOCK-ATOMIC-001/acceptance.md
.moai/specs/SPEC-MOAI-SKILL-DOCTRINE-FIX-001/spec.md	REQ-SKF-001	.moai/specs/SPEC-MOAI-SKILL-DOCTRINE-FIX-001/acceptance.md
.moai/specs/SPEC-MOAI-SKILL-DOCTRINE-FIX-001/spec.md	REQ-SKF-002	.moai/specs/SPEC-MOAI-SKILL-DOCTRINE-FIX-001/acceptance.md
.moai/specs/SPEC-MOAI-SKILL-DOCTRINE-FIX-001/spec.md	REQ-SKF-003	.moai/specs/SPEC-MOAI-SKILL-DOCTRINE-FIX-001/acceptance.md
.moai/specs/SPEC-MOAI-SKILL-DOCTRINE-FIX-001/spec.md	REQ-SKF-004	.moai/specs/SPEC-MOAI-SKILL-DOCTRINE-FIX-001/acceptance.md
.moai/specs/SPEC-MOAI-SKILL-DOCTRINE-FIX-001/spec.md	REQ-SKF-005	.moai/specs/SPEC-MOAI-SKILL-DOCTRINE-FIX-001/acceptance.md
.moai/specs/SPEC-MOAI-SKILL-DOCTRINE-FIX-001/spec.md	REQ-SKF-006	.moai/specs/SPEC-MOAI-SKILL-DOCTRINE-FIX-001/acceptance.md
.moai/specs/SPEC-MOAI-SKILL-DOCTRINE-FIX-001/spec.md	REQ-SKF-007	.moai/specs/SPEC-MOAI-SKILL-DOCTRINE-FIX-001/acceptance.md
.moai/specs/SPEC-MOAI-SKILL-DOCTRINE-FIX-001/spec.md	REQ-SKF-008	.moai/specs/SPEC-MOAI-SKILL-DOCTRINE-FIX-001/acceptance.md
.moai/specs/SPEC-MOAI-SKILL-DOCTRINE-FIX-001/spec.md	REQ-SKF-009	.moai/specs/SPEC-MOAI-SKILL-DOCTRINE-FIX-001/acceptance.md
.moai/specs/SPEC-MOAI-SKILL-DOCTRINE-FIX-001/spec.md	REQ-SKF-011	.moai/specs/SPEC-MOAI-SKILL-DOCTRINE-FIX-001/acceptance.md
.moai/specs/SPEC-MOAI-SKILL-DOCTRINE-FIX-001/spec.md	REQ-SKF-013	.moai/specs/SPEC-MOAI-SKILL-DOCTRINE-FIX-001/acceptance.md
.moai/specs/SPEC-MOAI-SKILL-DOCTRINE-FIX-001/spec.md	REQ-SKF-014	.moai/specs/SPEC-MOAI-SKILL-DOCTRINE-FIX-001/acceptance.md
.moai/specs/SPEC-MOAI-SKILL-DOCTRINE-FIX-001/spec.md	REQ-SKF-016	.moai/specs/SPEC-MOAI-SKILL-DOCTRINE-FIX-001/acceptance.md
.moai/specs/SPEC-MOAI-SKILL-DOCTRINE-FIX-001/spec.md	REQ-SKF-017	.moai/specs/SPEC-MOAI-SKILL-DOCTRINE-FIX-001/acceptance.md
.moai/specs/SPEC-MOAI-SKILL-DOCTRINE-FIX-001/spec.md	REQ-SKF-018	.moai/specs/SPEC-MOAI-SKILL-DOCTRINE-FIX-001/acceptance.md
.moai/specs/SPEC-MOAI-SKILL-DOCTRINE-FIX-001/spec.md	REQ-SKF-022	.moai/specs/SPEC-MOAI-SKILL-DOCTRINE-FIX-001/acceptance.md
.moai/specs/SPEC-MOAI-SKILL-DOCTRINE-FIX-001/spec.md	REQ-SKF-024	.moai/specs/SPEC-MOAI-SKILL-DOCTRINE-FIX-001/acceptance.md
.moai/specs/SPEC-MOAI-SKILL-DOCTRINE-FIX-001/spec.md	REQ-SKF-025	.moai/specs/SPEC-MOAI-SKILL-DOCTRINE-FIX-001/acceptance.md
.moai/specs/SPEC-MOAI-SKILL-DOCTRINE-FIX-001/spec.md	REQ-SKF-027	.moai/specs/SPEC-MOAI-SKILL-DOCTRINE-FIX-001/acceptance.md
.moai/specs/SPEC-MOAI-SKILL-DOCTRINE-FIX-001/spec.md	REQ-SKF-031	.moai/specs/SPEC-MOAI-SKILL-DOCTRINE-FIX-001/acceptance.md
.moai/specs/SPEC-MOAI-SKILL-DOCTRINE-FIX-001/spec.md	REQ-SKF-032	.moai/specs/SPEC-MOAI-SKILL-DOCTRINE-FIX-001/acceptance.md
.moai/specs/SPEC-MOAI-SKILL-DOCTRINE-FIX-001/spec.md	REQ-SKF-033	.moai/specs/SPEC-MOAI-SKILL-DOCTRINE-FIX-001/acceptance.md
.moai/specs/SPEC-MOAI-SKILL-DOCTRINE-FIX-001/spec.md	REQ-SKF-035	.moai/specs/SPEC-MOAI-SKILL-DOCTRINE-FIX-001/acceptance.md
.moai/specs/SPEC-MOAI-SKILL-DOCTRINE-FIX-001/spec.md	REQ-SKF-036	.moai/specs/SPEC-MOAI-SKILL-DOCTRINE-FIX-001/acceptance.md
.moai/specs/SPEC-MOAI-SKILL-DOCTRINE-FIX-001/spec.md	REQ-SKF-043	.moai/specs/SPEC-MOAI-SKILL-DOCTRINE-FIX-001/acceptance.md
.moai/specs/SPEC-MOAI-SKILL-DOCTRINE-FIX-001/spec.md	REQ-SKF-044	.moai/specs/SPEC-MOAI-SKILL-DOCTRINE-FIX-001/acceptance.md
.moai/specs/SPEC-MOAI-SKILL-DOCTRINE-FIX-001/spec.md	REQ-SKF-053	.moai/specs/SPEC-MOAI-SKILL-DOCTRINE-FIX-001/acceptance.md
.moai/specs/SPEC-OPUS47-COMPAT-001/spec.md	REQ-OC-001	.moai/specs/SPEC-OPUS47-COMPAT-001/acceptance.md
.moai/specs/SPEC-OPUS47-COMPAT-001/spec.md	REQ-OC-002	.moai/specs/SPEC-OPUS47-COMPAT-001/acceptance.md
.moai/specs/SPEC-OPUS47-COMPAT-001/spec.md	REQ-OC-003	.moai/specs/SPEC-OPUS47-COMPAT-001/acceptance.md
.moai/specs/SPEC-OPUS47-COMPAT-001/spec.md	REQ-OC-004	.moai/specs/SPEC-OPUS47-COMPAT-001/acceptance.md
.moai/specs/SPEC-OPUS47-COMPAT-001/spec.md	REQ-OC-005	.moai/specs/SPEC-OPUS47-COMPAT-001/acceptance.md
.moai/specs/SPEC-SPEC-LINT-BLIND-AXES-001/spec.md	REQ-SLB-011	.moai/specs/SPEC-SPEC-LINT-BLIND-AXES-001/acceptance.md
.moai/specs/SPEC-UPDATE-MERGE-CONFLICT-BLIND-001/spec.md	REQ-UMC-015	.moai/specs/SPEC-UPDATE-MERGE-CONFLICT-BLIND-001/acceptance.md
.moai/specs/SPEC-V3R2-EXT-001/spec.md	REQ-EXT001-014	.moai/specs/SPEC-V3R2-EXT-001/acceptance.md
.moai/specs/SPEC-V3R3-BRAIN-001/spec.md	REQ-BRAIN-001	.moai/specs/SPEC-V3R3-BRAIN-001/acceptance.md
.moai/specs/SPEC-V3R3-BRAIN-001/spec.md	REQ-BRAIN-002	.moai/specs/SPEC-V3R3-BRAIN-001/acceptance.md
.moai/specs/SPEC-V3R3-BRAIN-001/spec.md	REQ-BRAIN-003	.moai/specs/SPEC-V3R3-BRAIN-001/acceptance.md
.moai/specs/SPEC-V3R3-BRAIN-001/spec.md	REQ-BRAIN-004	.moai/specs/SPEC-V3R3-BRAIN-001/acceptance.md
.moai/specs/SPEC-V3R3-BRAIN-001/spec.md	REQ-BRAIN-005	.moai/specs/SPEC-V3R3-BRAIN-001/acceptance.md
.moai/specs/SPEC-V3R3-BRAIN-001/spec.md	REQ-BRAIN-006	.moai/specs/SPEC-V3R3-BRAIN-001/acceptance.md
.moai/specs/SPEC-V3R3-BRAIN-001/spec.md	REQ-BRAIN-007	.moai/specs/SPEC-V3R3-BRAIN-001/acceptance.md
.moai/specs/SPEC-V3R3-BRAIN-001/spec.md	REQ-BRAIN-008	.moai/specs/SPEC-V3R3-BRAIN-001/acceptance.md
.moai/specs/SPEC-V3R3-BRAIN-001/spec.md	REQ-BRAIN-009	.moai/specs/SPEC-V3R3-BRAIN-001/acceptance.md
.moai/specs/SPEC-V3R3-BRAIN-001/spec.md	REQ-BRAIN-010	.moai/specs/SPEC-V3R3-BRAIN-001/acceptance.md
.moai/specs/SPEC-V3R3-BRAIN-001/spec.md	REQ-BRAIN-011	.moai/specs/SPEC-V3R3-BRAIN-001/acceptance.md
.moai/specs/SPEC-V3R3-BRAIN-001/spec.md	REQ-BRAIN-012	.moai/specs/SPEC-V3R3-BRAIN-001/acceptance.md
.moai/specs/SPEC-V3R3-RETIRED-DDD-001/spec.md	REQ-RD-011	.moai/specs/SPEC-V3R3-RETIRED-DDD-001/acceptance.md
.moai/specs/SPEC-V3R5-SECURITY-CRIT-001/spec.md	REQ-SEC-002-006	.moai/specs/SPEC-V3R5-SECURITY-CRIT-001/acceptance.md
.moai/specs/SPEC-V3R5-SECURITY-CRIT-001/spec.md	REQ-SEC-003-006	.moai/specs/SPEC-V3R5-SECURITY-CRIT-001/acceptance.md
.moai/specs/SPEC-V3R5-SECURITY-CRIT-001/spec.md	REQ-SEC-003-007	.moai/specs/SPEC-V3R5-SECURITY-CRIT-001/acceptance.md
.moai/specs/SPEC-V3R5-SECURITY-CRIT-001/spec.md	REQ-SEC-004-001	.moai/specs/SPEC-V3R5-SECURITY-CRIT-001/acceptance.md
.moai/specs/SPEC-V3R5-WORKFLOW-OPT-001/spec.md	REQ-WO-030	.moai/specs/SPEC-V3R5-WORKFLOW-OPT-001/acceptance.md
.moai/specs/SPEC-V3R6-HARNESS-CLASSIFIER-WIRING-001/spec.md	REQ-HCW-005	.moai/specs/SPEC-V3R6-HARNESS-CLASSIFIER-WIRING-001/acceptance.md
.moai/specs/SPEC-V3R6-SESSION-LEGACY-COVERAGE-001/spec.md	REQ-SLCO-008	.moai/specs/SPEC-V3R6-SESSION-LEGACY-COVERAGE-001/acceptance.md
.moai/specs/SPEC-V3R6-UPDATE-NAMESPACE-PROTECT-001/spec.md	REQ-UNP-008	.moai/specs/SPEC-V3R6-UPDATE-NAMESPACE-PROTECT-001/acceptance.md
.moai/specs/SPEC-V3R6-WORKFLOW-DOCS-001/spec.md	REQ-WFD-008	.moai/specs/SPEC-V3R6-WORKFLOW-DOCS-001/acceptance.md
.moai/specs/SPEC-V3R6-WORKFLOW-DOCS-001/spec.md	REQ-WFD-009	.moai/specs/SPEC-V3R6-WORKFLOW-DOCS-001/acceptance.md
.moai/specs/SPEC-V3R6-WORKFLOW-DOCS-001/spec.md	REQ-WFD-012	.moai/specs/SPEC-V3R6-WORKFLOW-DOCS-001/acceptance.md
.moai/specs/SPEC-WEB-CONSOLE-007/spec.md	REQ-WC7-001	.moai/specs/SPEC-WEB-CONSOLE-007/acceptance.md
.moai/specs/SPEC-WEB-CONSOLE-007/spec.md	REQ-WC7-002	.moai/specs/SPEC-WEB-CONSOLE-007/acceptance.md
.moai/specs/SPEC-WEB-CONSOLE-007/spec.md	REQ-WC7-003	.moai/specs/SPEC-WEB-CONSOLE-007/acceptance.md
.moai/specs/SPEC-WEB-CONSOLE-007/spec.md	REQ-WC7-004	.moai/specs/SPEC-WEB-CONSOLE-007/acceptance.md
.moai/specs/SPEC-WEB-CONSOLE-007/spec.md	REQ-WC7-005	.moai/specs/SPEC-WEB-CONSOLE-007/acceptance.md
.moai/specs/SPEC-WEB-CONSOLE-007/spec.md	REQ-WC7-006	.moai/specs/SPEC-WEB-CONSOLE-007/acceptance.md
.moai/specs/SPEC-WEB-CONSOLE-007/spec.md	REQ-WC7-007	.moai/specs/SPEC-WEB-CONSOLE-007/acceptance.md
.moai/specs/SPEC-WEB-CONSOLE-007/spec.md	REQ-WC7-008	.moai/specs/SPEC-WEB-CONSOLE-007/acceptance.md
.moai/specs/SPEC-WEB-CONSOLE-007/spec.md	REQ-WC7-009	.moai/specs/SPEC-WEB-CONSOLE-007/acceptance.md
.moai/specs/SPEC-WEB-CONSOLE-007/spec.md	REQ-WC7-010	.moai/specs/SPEC-WEB-CONSOLE-007/acceptance.md
.moai/specs/SPEC-WEB-CONSOLE-007/spec.md	REQ-WC7-011	.moai/specs/SPEC-WEB-CONSOLE-007/acceptance.md
.moai/specs/SPEC-WEB-CONSOLE-007/spec.md	REQ-WC7-012	.moai/specs/SPEC-WEB-CONSOLE-007/acceptance.md
.moai/specs/SPEC-WEB-CONSOLE-007/spec.md	REQ-WC7-013	.moai/specs/SPEC-WEB-CONSOLE-007/acceptance.md
.moai/specs/SPEC-WEB-CONSOLE-007/spec.md	REQ-WC7-014	.moai/specs/SPEC-WEB-CONSOLE-007/acceptance.md
.moai/specs/SPEC-WEB-CONSOLE-008/spec.md	REQ-WC8-001	.moai/specs/SPEC-WEB-CONSOLE-008/acceptance.md
.moai/specs/SPEC-WEB-CONSOLE-008/spec.md	REQ-WC8-002	.moai/specs/SPEC-WEB-CONSOLE-008/acceptance.md
.moai/specs/SPEC-WEB-CONSOLE-008/spec.md	REQ-WC8-003	.moai/specs/SPEC-WEB-CONSOLE-008/acceptance.md
.moai/specs/SPEC-WEB-CONSOLE-008/spec.md	REQ-WC8-004	.moai/specs/SPEC-WEB-CONSOLE-008/acceptance.md
.moai/specs/SPEC-WEB-CONSOLE-008/spec.md	REQ-WC8-005	.moai/specs/SPEC-WEB-CONSOLE-008/acceptance.md
.moai/specs/SPEC-WEB-CONSOLE-008/spec.md	REQ-WC8-006	.moai/specs/SPEC-WEB-CONSOLE-008/acceptance.md
.moai/specs/SPEC-WEB-CONSOLE-008/spec.md	REQ-WC8-007	.moai/specs/SPEC-WEB-CONSOLE-008/acceptance.md
.moai/specs/SPEC-WEB-CONSOLE-008/spec.md	REQ-WC8-008	.moai/specs/SPEC-WEB-CONSOLE-008/acceptance.md
.moai/specs/SPEC-WEB-CONSOLE-008/spec.md	REQ-WC8-009	.moai/specs/SPEC-WEB-CONSOLE-008/acceptance.md
.moai/specs/SPEC-WEB-CONSOLE-008/spec.md	REQ-WC8-010	.moai/specs/SPEC-WEB-CONSOLE-008/acceptance.md
.moai/specs/SPEC-WEB-CONSOLE-008/spec.md	REQ-WC8-011	.moai/specs/SPEC-WEB-CONSOLE-008/acceptance.md
.moai/specs/SPEC-WEB-CONSOLE-008/spec.md	REQ-WC8-012	.moai/specs/SPEC-WEB-CONSOLE-008/acceptance.md
.moai/specs/SPEC-WEB-CONSOLE-008/spec.md	REQ-WC8-013	.moai/specs/SPEC-WEB-CONSOLE-008/acceptance.md
.moai/specs/SPEC-WEB-CONSOLE-008/spec.md	REQ-WC8-014	.moai/specs/SPEC-WEB-CONSOLE-008/acceptance.md
.moai/specs/SPEC-WEB-CONSOLE-008/spec.md	REQ-WC8-015	.moai/specs/SPEC-WEB-CONSOLE-008/acceptance.md
.moai/specs/SPEC-WEB-CONSOLE-008/spec.md	REQ-WC8-016	.moai/specs/SPEC-WEB-CONSOLE-008/acceptance.md
.moai/specs/SPEC-WEB-CONSOLE-008/spec.md	REQ-WC8-017	.moai/specs/SPEC-WEB-CONSOLE-008/acceptance.md
.moai/specs/SPEC-WEB-CONSOLE-009/spec.md	REQ-WC9-001	.moai/specs/SPEC-WEB-CONSOLE-009/acceptance.md
.moai/specs/SPEC-WEB-CONSOLE-009/spec.md	REQ-WC9-002	.moai/specs/SPEC-WEB-CONSOLE-009/acceptance.md
.moai/specs/SPEC-WEB-CONSOLE-009/spec.md	REQ-WC9-003	.moai/specs/SPEC-WEB-CONSOLE-009/acceptance.md
.moai/specs/SPEC-WEB-CONSOLE-009/spec.md	REQ-WC9-004	.moai/specs/SPEC-WEB-CONSOLE-009/acceptance.md
.moai/specs/SPEC-WEB-CONSOLE-009/spec.md	REQ-WC9-005	.moai/specs/SPEC-WEB-CONSOLE-009/acceptance.md
.moai/specs/SPEC-WEB-CONSOLE-009/spec.md	REQ-WC9-006	.moai/specs/SPEC-WEB-CONSOLE-009/acceptance.md
.moai/specs/SPEC-WEB-CONSOLE-009/spec.md	REQ-WC9-007	.moai/specs/SPEC-WEB-CONSOLE-009/acceptance.md
.moai/specs/SPEC-WEB-CONSOLE-009/spec.md	REQ-WC9-008	.moai/specs/SPEC-WEB-CONSOLE-009/acceptance.md
.moai/specs/SPEC-WEB-CONSOLE-009/spec.md	REQ-WC9-009	.moai/specs/SPEC-WEB-CONSOLE-009/acceptance.md
.moai/specs/SPEC-WEB-CONSOLE-009/spec.md	REQ-WC9-010	.moai/specs/SPEC-WEB-CONSOLE-009/acceptance.md
.moai/specs/SPEC-WEB-CONSOLE-009/spec.md	REQ-WC9-011	.moai/specs/SPEC-WEB-CONSOLE-009/acceptance.md
.moai/specs/SPEC-WEB-CONSOLE-009/spec.md	REQ-WC9-012	.moai/specs/SPEC-WEB-CONSOLE-009/acceptance.md
.moai/specs/SPEC-WEB-CONSOLE-009/spec.md	REQ-WC9-013	.moai/specs/SPEC-WEB-CONSOLE-009/acceptance.md
.moai/specs/SPEC-WEB-CONSOLE-009/spec.md	REQ-WC9-014	.moai/specs/SPEC-WEB-CONSOLE-009/acceptance.md
.moai/specs/SPEC-WEB-CONSOLE-009/spec.md	REQ-WC9-015	.moai/specs/SPEC-WEB-CONSOLE-009/acceptance.md
.moai/specs/SPEC-WEB-CONSOLE-009/spec.md	REQ-WC9-016	.moai/specs/SPEC-WEB-CONSOLE-009/acceptance.md
.moai/specs/SPEC-WEB-CONSOLE-009/spec.md	REQ-WC9-017	.moai/specs/SPEC-WEB-CONSOLE-009/acceptance.md
.moai/specs/SPEC-WEB-CONSOLE-009/spec.md	REQ-WC9-018	.moai/specs/SPEC-WEB-CONSOLE-009/acceptance.md
.moai/specs/SPEC-ZONE-REGISTRY-RESYNC-001/spec.md	REQ-ZRR-001	.moai/specs/SPEC-ZONE-REGISTRY-RESYNC-001/acceptance.md
.moai/specs/SPEC-ZONE-REGISTRY-RESYNC-001/spec.md	REQ-ZRR-002	.moai/specs/SPEC-ZONE-REGISTRY-RESYNC-001/acceptance.md
.moai/specs/SPEC-ZONE-REGISTRY-RESYNC-001/spec.md	REQ-ZRR-003	.moai/specs/SPEC-ZONE-REGISTRY-RESYNC-001/acceptance.md
.moai/specs/SPEC-ZONE-REGISTRY-RESYNC-001/spec.md	REQ-ZRR-004	.moai/specs/SPEC-ZONE-REGISTRY-RESYNC-001/acceptance.md
.moai/specs/SPEC-ZONE-REGISTRY-RESYNC-001/spec.md	REQ-ZRR-005	.moai/specs/SPEC-ZONE-REGISTRY-RESYNC-001/acceptance.md
.moai/specs/SPEC-ZONE-REGISTRY-RESYNC-001/spec.md	REQ-ZRR-006	.moai/specs/SPEC-ZONE-REGISTRY-RESYNC-001/acceptance.md
.moai/specs/SPEC-ZONE-REGISTRY-RESYNC-001/spec.md	REQ-ZRR-007	.moai/specs/SPEC-ZONE-REGISTRY-RESYNC-001/acceptance.md
.moai/specs/SPEC-ZONE-REGISTRY-RESYNC-001/spec.md	REQ-ZRR-008	.moai/specs/SPEC-ZONE-REGISTRY-RESYNC-001/acceptance.md
.moai/specs/SPEC-ZONE-REGISTRY-RESYNC-001/spec.md	REQ-ZRR-009	.moai/specs/SPEC-ZONE-REGISTRY-RESYNC-001/acceptance.md
.moai/specs/SPEC-ZONE-REGISTRY-RESYNC-001/spec.md	REQ-ZRR-010	.moai/specs/SPEC-ZONE-REGISTRY-RESYNC-001/acceptance.md
.moai/specs/SPEC-ZONE-REGISTRY-RESYNC-001/spec.md	REQ-ZRR-011	.moai/specs/SPEC-ZONE-REGISTRY-RESYNC-001/acceptance.md
.moai/specs/SPEC-ZONE-REGISTRY-RESYNC-001/spec.md	REQ-ZRR-012	.moai/specs/SPEC-ZONE-REGISTRY-RESYNC-001/acceptance.md
.moai/specs/SPEC-ZONE-REGISTRY-RESYNC-001/spec.md	REQ-ZRR-013	.moai/specs/SPEC-ZONE-REGISTRY-RESYNC-001/acceptance.md
.moai/specs/SPEC-ZONE-REGISTRY-RESYNC-001/spec.md	REQ-ZRR-014	.moai/specs/SPEC-ZONE-REGISTRY-RESYNC-001/acceptance.md
.moai/specs/SPEC-ZONE-REGISTRY-RESYNC-001/spec.md	REQ-ZRR-015	.moai/specs/SPEC-ZONE-REGISTRY-RESYNC-001/acceptance.md
