.moai/specs/SPEC-AC-COLLECTOR-ANCHOR-001/spec.md	REQ-ACA-001-001
.moai/specs/SPEC-AC-COLLECTOR-ANCHOR-001/spec.md	REQ-ACA-001-002
.moai/specs/SPEC-AC-COLLECTOR-ANCHOR-001/spec.md	REQ-ACA-001-003
.moai/specs/SPEC-AC-COLLECTOR-ANCHOR-001/spec.md	REQ-ACA-001-004
.moai/specs/SPEC-AC-COLLECTOR-ANCHOR-001/spec.md	REQ-ACA-001-005
.moai/specs/SPEC-AC-COLLECTOR-ANCHOR-001/spec.md	REQ-ACA-001-006
.moai/specs/SPEC-AC-COLLECTOR-ANCHOR-001/spec.md	REQ-ACA-001-007
.moai/specs/SPEC-AC-COLLECTOR-ANCHOR-001/spec.md	REQ-ACA-001-008
.moai/specs/SPEC-AC-COLLECTOR-ANCHOR-001/spec.md	REQ-ACA-001-009
.moai/specs/SPEC-AC-COLLECTOR-ANCHOR-001/spec.md	REQ-ACA-001-010
.moai/specs/SPEC-AC-COLLECTOR-ANCHOR-001/spec.md	REQ-ACA-001-011
.moai/specs/SPEC-AC-COLLECTOR-ANCHOR-001/spec.md	REQ-ACA-001-012
.moai/specs/SPEC-AC-COLLECTOR-ANCHOR-001/spec.md	REQ-ACA-001-013
.moai/specs/SPEC-AC-COLLECTOR-ANCHOR-001/spec.md	REQ-ACA-001-014
.moai/specs/SPEC-AGENT-MEMORY-DRAIN-001/spec.md	REQ-AM-001
.moai/specs/SPEC-AGENT-MEMORY-DRAIN-001/spec.md	REQ-AM-002
.moai/specs/SPEC-AGENT-MEMORY-DRAIN-001/spec.md	REQ-AM-003
.moai/specs/SPEC-AGENT-MEMORY-DRAIN-001/spec.md	REQ-AM-004
.moai/specs/SPEC-AGENT-MEMORY-DRAIN-001/spec.md	REQ-AM-005
.moai/specs/SPEC-AGENT-MEMORY-DRAIN-001/spec.md	REQ-AM-006
.moai/specs/SPEC-AGENT-MEMORY-DRAIN-001/spec.md	REQ-AM-007
.moai/specs/SPEC-AGENT-MEMORY-DRAIN-001/spec.md	REQ-AM-008
.moai/specs/SPEC-AGENT-MEMORY-DRAIN-001/spec.md	REQ-AM-009
.moai/specs/SPEC-AGENT-MEMORY-DRAIN-001/spec.md	REQ-AM-010
.moai/specs/SPEC-AGENT-TEAM-RETIRE-001/spec.md	REQ-ATR-001
.moai/specs/SPEC-AGENT-TEAM-RETIRE-001/spec.md	REQ-ATR-002
.moai/specs/SPEC-AGENT-TEAM-RETIRE-001/spec.md	REQ-ATR-003
.moai/specs/SPEC-AGENT-TEAM-RETIRE-001/spec.md	REQ-ATR-004
.moai/specs/SPEC-AGENT-TEAM-RETIRE-001/spec.md	REQ-ATR-005
.moai/specs/SPEC-AGENT-TEAM-RETIRE-001/spec.md	REQ-ATR-006
.moai/specs/SPEC-AGENT-TEAM-RETIRE-001/spec.md	REQ-ATR-007
.moai/specs/SPEC-AGENT-TEAM-RETIRE-001/spec.md	REQ-ATR-008
.moai/specs/SPEC-AGENT-TEAM-RETIRE-001/spec.md	REQ-ATR-009
.moai/specs/SPEC-AGENT-TEAM-RETIRE-001/spec.md	REQ-ATR-010
.moai/specs/SPEC-AGENT-TEAM-RETIRE-001/spec.md	REQ-ATR-011
.moai/specs/SPEC-AGENT-TEAM-RETIRE-001/spec.md	REQ-ATR-012
.moai/specs/SPEC-AGENT-TEAM-RETIRE-001/spec.md	REQ-ATR-013
.moai/specs/SPEC-AGENT-TEAM-RETIRE-001/spec.md	REQ-ATR-014
.moai/specs/SPEC-AGENT-TEAM-RETIRE-001/spec.md	REQ-ATR-015
.moai/specs/SPEC-AGENT-TEAM-RETIRE-001/spec.md	REQ-ATR-016
.moai/specs/SPEC-AGENT-TEAM-RETIRE-001/spec.md	REQ-ATR-017
.moai/specs/SPEC-AGENT-TEAM-RETIRE-001/spec.md	REQ-ATR-018
.moai/specs/SPEC-AGENT-TEAM-RETIRE-001/spec.md	REQ-ATR-019
.moai/specs/SPEC-AGENT-TEAM-RETIRE-001/spec.md	REQ-ATR-020
.moai/specs/SPEC-AGENT-TEAM-RETIRE-001/spec.md	REQ-ATR-021
.moai/specs/SPEC-AGENT-TEAM-RETIRE-001/spec.md	REQ-ATR-022
.moai/specs/SPEC-ALWAYS-LOADED-DIET-001/spec.md	REQ-ALD-001
.moai/specs/SPEC-ALWAYS-LOADED-DIET-001/spec.md	REQ-ALD-002
.moai/specs/SPEC-ALWAYS-LOADED-DIET-001/spec.md	REQ-ALD-003
.moai/specs/SPEC-ALWAYS-LOADED-DIET-001/spec.md	REQ-ALD-004
.moai/specs/SPEC-ALWAYS-LOADED-DIET-001/spec.md	REQ-ALD-005
.moai/specs/SPEC-ALWAYS-LOADED-DIET-001/spec.md	REQ-ALD-006
.moai/specs/SPEC-ALWAYS-LOADED-DIET-001/spec.md	REQ-ALD-010
.moai/specs/SPEC-ALWAYS-LOADED-DIET-001/spec.md	REQ-ALD-011
.moai/specs/SPEC-ALWAYS-LOADED-DIET-001/spec.md	REQ-ALD-012
.moai/specs/SPEC-ALWAYS-LOADED-DIET-001/spec.md	REQ-ALD-013
.moai/specs/SPEC-ALWAYS-LOADED-DIET-001/spec.md	REQ-ALD-014
.moai/specs/SPEC-ALWAYS-LOADED-DIET-001/spec.md	REQ-ALD-015
.moai/specs/SPEC-ALWAYS-LOADED-DIET-001/spec.md	REQ-ALD-016
.moai/specs/SPEC-ANALYZE-FIRST-ROUTING-001/spec.md	REQ-AFR-001
.moai/specs/SPEC-ANALYZE-FIRST-ROUTING-001/spec.md	REQ-AFR-002
.moai/specs/SPEC-ANALYZE-FIRST-ROUTING-001/spec.md	REQ-AFR-003
.moai/specs/SPEC-ANALYZE-FIRST-ROUTING-001/spec.md	REQ-AFR-004
.moai/specs/SPEC-ANALYZE-FIRST-ROUTING-001/spec.md	REQ-AFR-005
.moai/specs/SPEC-ANALYZE-FIRST-ROUTING-001/spec.md	REQ-AFR-006
.moai/specs/SPEC-ANALYZE-FIRST-ROUTING-001/spec.md	REQ-AFR-007
.moai/specs/SPEC-ANALYZE-FIRST-ROUTING-001/spec.md	REQ-AFR-008
.moai/specs/SPEC-ANALYZE-FIRST-ROUTING-001/spec.md	REQ-AFR-009
.moai/specs/SPEC-ANALYZE-FIRST-ROUTING-001/spec.md	REQ-AFR-010
.moai/specs/SPEC-ANALYZE-FIRST-ROUTING-001/spec.md	REQ-AFR-011
.moai/specs/SPEC-ANALYZE-FIRST-ROUTING-001/spec.md	REQ-AFR-012
.moai/specs/SPEC-ANALYZE-FIRST-ROUTING-001/spec.md	REQ-AFR-013
.moai/specs/SPEC-ANALYZE-FIRST-ROUTING-001/spec.md	REQ-AFR-014
.moai/specs/SPEC-ANALYZE-FIRST-ROUTING-001/spec.md	REQ-AFR-015
.moai/specs/SPEC-ANALYZE-FIRST-ROUTING-001/spec.md	REQ-AFR-016
.moai/specs/SPEC-ANALYZE-FIRST-ROUTING-001/spec.md	REQ-AFR-017
.moai/specs/SPEC-ASTGREP-DOGFOOD-CLEANUP-001/spec.md	REQ-ADC-001
.moai/specs/SPEC-ASTGREP-DOGFOOD-CLEANUP-001/spec.md	REQ-ADC-004
.moai/specs/SPEC-ASTGREP-DOGFOOD-CLEANUP-001/spec.md	REQ-ADC-005
.moai/specs/SPEC-ASTGREP-DOGFOOD-CLEANUP-001/spec.md	REQ-ADC-006
.moai/specs/SPEC-ASTGREP-DOGFOOD-CLEANUP-001/spec.md	REQ-ADC-007
.moai/specs/SPEC-ASTGREP-DOGFOOD-CLEANUP-001/spec.md	REQ-ADC-008
.moai/specs/SPEC-ASTGREP-DOGFOOD-CLEANUP-001/spec.md	REQ-ADC-009
.moai/specs/SPEC-ASTGREP-DOGFOOD-CLEANUP-001/spec.md	REQ-ADC-010
.moai/specs/SPEC-ASTGREP-MULTILANG-001/spec.md	REQ-AMR-001
.moai/specs/SPEC-ASTGREP-MULTILANG-001/spec.md	REQ-AMR-002
.moai/specs/SPEC-ASTGREP-MULTILANG-001/spec.md	REQ-AMR-003
.moai/specs/SPEC-ASTGREP-MULTILANG-001/spec.md	REQ-AMR-004
.moai/specs/SPEC-ASTGREP-MULTILANG-001/spec.md	REQ-AMR-005
.moai/specs/SPEC-ASTGREP-MULTILANG-001/spec.md	REQ-AMR-006
.moai/specs/SPEC-ASTGREP-MULTILANG-001/spec.md	REQ-AMR-007
.moai/specs/SPEC-ASTGREP-MULTILANG-001/spec.md	REQ-AMR-008
.moai/specs/SPEC-ASTGREP-MULTILANG-001/spec.md	REQ-AMR-009
.moai/specs/SPEC-ASTGREP-MULTILANG-001/spec.md	REQ-AMR-010
.moai/specs/SPEC-ASTGREP-MULTILANG-001/spec.md	REQ-AMR-011
.moai/specs/SPEC-ASTGREP-MULTILANG-001/spec.md	REQ-AMR-012
.moai/specs/SPEC-AUTONOMY-RUN-GOAL-001/spec.md	REQ-ARG-001
.moai/specs/SPEC-AUTONOMY-RUN-GOAL-001/spec.md	REQ-ARG-002
.moai/specs/SPEC-AUTONOMY-RUN-GOAL-001/spec.md	REQ-ARG-004
.moai/specs/SPEC-AUTONOMY-RUN-GOAL-001/spec.md	REQ-ARG-006
.moai/specs/SPEC-AUTONOMY-RUN-GOAL-001/spec.md	REQ-ARG-007
.moai/specs/SPEC-AUTONOMY-RUN-GOAL-001/spec.md	REQ-ARG-008
.moai/specs/SPEC-AUTONOMY-RUN-GOAL-001/spec.md	REQ-ARG-009
.moai/specs/SPEC-AUTONOMY-RUN-GOAL-001/spec.md	REQ-ARG-011
.moai/specs/SPEC-AUTONOMY-RUN-GOAL-001/spec.md	REQ-ARG-012
.moai/specs/SPEC-AUTONOMY-RUN-GOAL-001/spec.md	REQ-ARG-014
.moai/specs/SPEC-AUTONOMY-RUN-GOAL-001/spec.md	REQ-ARG-015
.moai/specs/SPEC-AUTONOMY-RUN-GOAL-001/spec.md	REQ-ARG-016
.moai/specs/SPEC-BACKLOG-JSON-DISCLOSURE-001/spec.md	REQ-BJD-001
.moai/specs/SPEC-BACKLOG-JSON-DISCLOSURE-001/spec.md	REQ-BJD-002
.moai/specs/SPEC-BACKLOG-JSON-DISCLOSURE-001/spec.md	REQ-BJD-003
.moai/specs/SPEC-BACKLOG-JSON-DISCLOSURE-001/spec.md	REQ-BJD-004
.moai/specs/SPEC-BACKLOG-JSON-DISCLOSURE-001/spec.md	REQ-BJD-005
.moai/specs/SPEC-BACKLOG-JSON-DISCLOSURE-001/spec.md	REQ-BJD-006
.moai/specs/SPEC-BACKLOG-JSON-DISCLOSURE-001/spec.md	REQ-BJD-007
.moai/specs/SPEC-BACKLOG-JSON-DISCLOSURE-001/spec.md	REQ-BJD-008
.moai/specs/SPEC-BACKLOG-JSON-DISCLOSURE-001/spec.md	REQ-BJD-009
.moai/specs/SPEC-BACKLOG-JSON-DISCLOSURE-001/spec.md	REQ-BJD-010
.moai/specs/SPEC-BACKLOG-JSON-DISCLOSURE-001/spec.md	REQ-BJD-011
.moai/specs/SPEC-BACKLOG-JSON-DISCLOSURE-001/spec.md	REQ-BJD-012
.moai/specs/SPEC-BACKLOG-JSON-DISCLOSURE-001/spec.md	REQ-BJD-013
.moai/specs/SPEC-BACKLOG-JSON-DISCLOSURE-001/spec.md	REQ-BJD-014
.moai/specs/SPEC-BRAND-DIR-REMOVE-001/spec.md	REQ-BDR-001
.moai/specs/SPEC-BRAND-DIR-REMOVE-001/spec.md	REQ-BDR-002
.moai/specs/SPEC-BRAND-DIR-REMOVE-001/spec.md	REQ-BDR-003
.moai/specs/SPEC-BRAND-DIR-REMOVE-001/spec.md	REQ-BDR-004
.moai/specs/SPEC-BRAND-DIR-REMOVE-001/spec.md	REQ-BDR-005
.moai/specs/SPEC-BRAND-DIR-REMOVE-001/spec.md	REQ-BDR-006
.moai/specs/SPEC-BRAND-DIR-REMOVE-001/spec.md	REQ-BDR-007
.moai/specs/SPEC-BRAND-DIR-REMOVE-001/spec.md	REQ-BDR-008
.moai/specs/SPEC-BRAND-DIR-REMOVE-001/spec.md	REQ-BDR-009
.moai/specs/SPEC-BRAND-DIR-REMOVE-001/spec.md	REQ-BDR-010
.moai/specs/SPEC-BRAND-DIR-REMOVE-001/spec.md	REQ-BDR-011
.moai/specs/SPEC-CC2178-TEAM-API-ALIGN-001/spec.md	REQ-ATT-001
.moai/specs/SPEC-CC2178-TEAM-API-ALIGN-001/spec.md	REQ-ATT-002
.moai/specs/SPEC-CC2178-TEAM-API-ALIGN-001/spec.md	REQ-CFG-001
.moai/specs/SPEC-CC2178-TEAM-API-ALIGN-001/spec.md	REQ-CFG-003
.moai/specs/SPEC-CC2178-TEAM-API-ALIGN-001/spec.md	REQ-GO-001
.moai/specs/SPEC-CC2178-TEAM-API-ALIGN-001/spec.md	REQ-LOC-001
.moai/specs/SPEC-CC2178-TEAM-API-ALIGN-001/spec.md	REQ-LOC-002
.moai/specs/SPEC-CC2178-TEAM-API-ALIGN-001/spec.md	REQ-LOC-003
.moai/specs/SPEC-CC2178-TEAM-API-ALIGN-001/spec.md	REQ-MIR-001
.moai/specs/SPEC-CC2178-TEAM-API-ALIGN-001/spec.md	REQ-NEU-001
.moai/specs/SPEC-CC2178-TEAM-API-ALIGN-001/spec.md	REQ-QG-001
.moai/specs/SPEC-CC2178-TEAM-API-ALIGN-001/spec.md	REQ-TAA-001
.moai/specs/SPEC-CC2178-TEAM-API-ALIGN-001/spec.md	REQ-TAA-003
.moai/specs/SPEC-CC2178-TEAM-API-ALIGN-001/spec.md	REQ-TAA-004
.moai/specs/SPEC-CC2178-TEAM-API-ALIGN-001/spec.md	REQ-TAA-005
.moai/specs/SPEC-CC2178-TEAM-API-ALIGN-001/spec.md	REQ-TAA-006
.moai/specs/SPEC-CC2178-TEAM-API-ALIGN-001/spec.md	REQ-TAA-007
.moai/specs/SPEC-CC2178-TEAM-API-ALIGN-001/spec.md	REQ-TAA-008
.moai/specs/SPEC-CI-FLAKE-SERIES-001/spec.md	REQ-CFS-001
.moai/specs/SPEC-CI-FLAKE-SERIES-001/spec.md	REQ-CFS-002
.moai/specs/SPEC-CI-FLAKE-SERIES-001/spec.md	REQ-CFS-003
.moai/specs/SPEC-CI-FLAKE-SERIES-001/spec.md	REQ-CFS-004
.moai/specs/SPEC-CI-FLAKE-SERIES-001/spec.md	REQ-CFS-005
.moai/specs/SPEC-CI-FLAKE-SERIES-001/spec.md	REQ-CFS-006
.moai/specs/SPEC-CI-FLAKE-SERIES-001/spec.md	REQ-CFS-007
.moai/specs/SPEC-CI-FLAKE-SERIES-001/spec.md	REQ-CFS-008
.moai/specs/SPEC-CI-FLAKE-SERIES-001/spec.md	REQ-CFS-009
.moai/specs/SPEC-CI-FLAKE-SERIES-001/spec.md	REQ-CFS-010
.moai/specs/SPEC-CI-FLAKE-SERIES-001/spec.md	REQ-CFS-011
.moai/specs/SPEC-CI-FLAKE-SERIES-001/spec.md	REQ-CFS-012
.moai/specs/SPEC-CLI-CLEAN-SYMLINK-001/spec.md	REQ-CSL-001
.moai/specs/SPEC-CLI-CLEAN-SYMLINK-001/spec.md	REQ-CSL-002
.moai/specs/SPEC-CLI-CLEAN-SYMLINK-001/spec.md	REQ-CSL-003
.moai/specs/SPEC-CLI-CLEAN-SYMLINK-001/spec.md	REQ-CSL-004
.moai/specs/SPEC-CLI-CLEAN-SYMLINK-001/spec.md	REQ-CSL-005
.moai/specs/SPEC-CLI-CLEAN-SYMLINK-001/spec.md	REQ-CSL-006
.moai/specs/SPEC-CLI-CLEAN-SYMLINK-001/spec.md	REQ-CSL-007
.moai/specs/SPEC-CLI-CLEAN-SYMLINK-001/spec.md	REQ-CSL-008
.moai/specs/SPEC-CLI-CLEAN-SYMLINK-001/spec.md	REQ-CSL-009
.moai/specs/SPEC-CLI-CLEAN-SYMLINK-001/spec.md	REQ-CSL-010
.moai/specs/SPEC-CLI-CLEAN-SYMLINK-001/spec.md	REQ-CSL-011
.moai/specs/SPEC-CLI-CLEAN-SYMLINK-001/spec.md	REQ-CSL-012
.moai/specs/SPEC-CLI-TUI-MODERNIZE-001/spec.md	REQ-TUIM-001
.moai/specs/SPEC-CLI-TUI-MODERNIZE-001/spec.md	REQ-TUIM-010
.moai/specs/SPEC-CLI-TUI-MODERNIZE-001/spec.md	REQ-TUIM-030
.moai/specs/SPEC-CLI-TUI-MODERNIZE-001/spec.md	REQ-TUIM-040
.moai/specs/SPEC-CLI-TUI-MODERNIZE-001/spec.md	REQ-TUIM-050
.moai/specs/SPEC-CLI-TUX-INIT-UPDATE-001/spec.md	REQ-TUXIU-001
.moai/specs/SPEC-CLI-TUX-INIT-UPDATE-001/spec.md	REQ-TUXIU-004
.moai/specs/SPEC-CLI-TUX-INIT-UPDATE-001/spec.md	REQ-TUXIU-010
.moai/specs/SPEC-CLI-TUX-INIT-UPDATE-001/spec.md	REQ-TUXIU-011
.moai/specs/SPEC-CLI-TUX-INIT-UPDATE-001/spec.md	REQ-TUXIU-012
.moai/specs/SPEC-CLI-TUX-INIT-UPDATE-001/spec.md	REQ-TUXIU-014
.moai/specs/SPEC-CLI-TUX-INIT-UPDATE-001/spec.md	REQ-TUXIU-015
.moai/specs/SPEC-CLI-TUX-INIT-UPDATE-001/spec.md	REQ-TUXIU-016
.moai/specs/SPEC-CLI-TUX-INIT-UPDATE-001/spec.md	REQ-TUXIU-020
.moai/specs/SPEC-CLI-TUX-INIT-UPDATE-001/spec.md	REQ-TUXIU-022
.moai/specs/SPEC-CLI-TUX-INIT-UPDATE-001/spec.md	REQ-TUXIU-030
.moai/specs/SPEC-CLI-TUX-INIT-UPDATE-001/spec.md	REQ-TUXIU-031
.moai/specs/SPEC-CLI-TUX-INIT-UPDATE-001/spec.md	REQ-TUXIU-040
.moai/specs/SPEC-CLI-TUX-INIT-UPDATE-001/spec.md	REQ-TUXIU-041
.moai/specs/SPEC-CLI-TUX-INIT-UPDATE-001/spec.md	REQ-TUXIU-042
.moai/specs/SPEC-CLI-TUX-INIT-UPDATE-001/spec.md	REQ-TUXIU-043
.moai/specs/SPEC-CLI-TUX-INIT-UPDATE-001/spec.md	REQ-TUXIU-044
.moai/specs/SPEC-CLI-TUX-INIT-UPDATE-001/spec.md	REQ-TUXIU-045
.moai/specs/SPEC-CLI-TUX-INIT-UPDATE-001/spec.md	REQ-TUXIU-046
.moai/specs/SPEC-CLI-TUX-INIT-UPDATE-001/spec.md	REQ-TUXIU-050
.moai/specs/SPEC-CLI-TUX-INIT-UPDATE-001/spec.md	REQ-TUXIU-051
.moai/specs/SPEC-CLI-TUX-INIT-UPDATE-001/spec.md	REQ-TUXIU-053
.moai/specs/SPEC-CLI-TUX-INIT-UPDATE-001/spec.md	REQ-TUXIU-055
.moai/specs/SPEC-CLI-TUX-V3-001/spec.md	REQ-CTX-001
.moai/specs/SPEC-CLI-TUX-V3-001/spec.md	REQ-CTX-002
.moai/specs/SPEC-CLI-TUX-V3-001/spec.md	REQ-CTX-003
.moai/specs/SPEC-CLI-TUX-V3-001/spec.md	REQ-CTX-004
.moai/specs/SPEC-CLI-TUX-V3-001/spec.md	REQ-CTX-005
.moai/specs/SPEC-CLI-TUX-V3-001/spec.md	REQ-CTX-006
.moai/specs/SPEC-CLI-TUX-V3-001/spec.md	REQ-CTX-007
.moai/specs/SPEC-CLI-TUX-V3-001/spec.md	REQ-CTX-008
.moai/specs/SPEC-CLI-TUX-V3-001/spec.md	REQ-CTX-009
.moai/specs/SPEC-CLI-TUX-V3-001/spec.md	REQ-CTX-010
.moai/specs/SPEC-CLI-TUX-V3-001/spec.md	REQ-CTX-011
.moai/specs/SPEC-CLI-TUX-V3-001/spec.md	REQ-CTX-012
.moai/specs/SPEC-CLI-TUX-V3-001/spec.md	REQ-CTX-013
.moai/specs/SPEC-CLI-TUX-V3-001/spec.md	REQ-CTX-014
.moai/specs/SPEC-CLI-TUX-V3-001/spec.md	REQ-CTX-015
.moai/specs/SPEC-CLI-TUX-V3-001/spec.md	REQ-CTX-016
.moai/specs/SPEC-CLI-TUX-V3-001/spec.md	REQ-CTX-017
.moai/specs/SPEC-CLI-TUX-V3-001/spec.md	REQ-CTX-018
.moai/specs/SPEC-CLI-TUX-V3-001/spec.md	REQ-CTX-019
.moai/specs/SPEC-CLI-TUX-V3-001/spec.md	REQ-CTX-020
.moai/specs/SPEC-CLI-TUX-V3-001/spec.md	REQ-CTX-021
.moai/specs/SPEC-CLI-TUX-V3-001/spec.md	REQ-CTX-022
.moai/specs/SPEC-CLI-TUX-V3-001/spec.md	REQ-CTX-023
.moai/specs/SPEC-CLI-TUX-V3-001/spec.md	REQ-CTX-024
.moai/specs/SPEC-CLI-TUX-V3-001/spec.md	REQ-CTX-025
.moai/specs/SPEC-CLI-TUX-V3-002/spec.md	REQ-TUX2-001
.moai/specs/SPEC-CLI-TUX-V3-002/spec.md	REQ-TUX2-002
.moai/specs/SPEC-CLI-TUX-V3-002/spec.md	REQ-TUX2-003
.moai/specs/SPEC-CLI-TUX-V3-002/spec.md	REQ-TUX2-004
.moai/specs/SPEC-CLI-TUX-V3-002/spec.md	REQ-TUX2-005
.moai/specs/SPEC-CLI-TUX-V3-002/spec.md	REQ-TUX2-006
.moai/specs/SPEC-CLI-TUX-V3-002/spec.md	REQ-TUX2-007
.moai/specs/SPEC-CLI-TUX-V3-002/spec.md	REQ-TUX2-008
.moai/specs/SPEC-CLI-TUX-V3-002/spec.md	REQ-TUX2-009
.moai/specs/SPEC-CLI-TUX-V3-002/spec.md	REQ-TUX2-010
.moai/specs/SPEC-CLI-TUX-V3-002/spec.md	REQ-TUX2-011
.moai/specs/SPEC-CLI-TUX-V3-002/spec.md	REQ-TUX2-012
.moai/specs/SPEC-CLI-TUX-V3-002/spec.md	REQ-TUX2-013
.moai/specs/SPEC-CLI-TUX-V3-002/spec.md	REQ-TUX2-014
.moai/specs/SPEC-CLI-TUX-V3-002/spec.md	REQ-TUX2-015
.moai/specs/SPEC-CLI-TUX-V3-002/spec.md	REQ-TUX2-016
.moai/specs/SPEC-CLI-TUX-V3-002/spec.md	REQ-TUX2-017
.moai/specs/SPEC-CLI-TUX-V3-002/spec.md	REQ-TUX2-018
.moai/specs/SPEC-CLI-TUX-V3-003/spec.md	REQ-TUX3-001
.moai/specs/SPEC-CLI-TUX-V3-003/spec.md	REQ-TUX3-002
.moai/specs/SPEC-CLI-TUX-V3-003/spec.md	REQ-TUX3-003
.moai/specs/SPEC-CLI-TUX-V3-003/spec.md	REQ-TUX3-004
.moai/specs/SPEC-CLI-TUX-V3-003/spec.md	REQ-TUX3-005
.moai/specs/SPEC-CLI-TUX-V3-003/spec.md	REQ-TUX3-006
.moai/specs/SPEC-CLI-TUX-V3-003/spec.md	REQ-TUX3-007
.moai/specs/SPEC-CLI-TUX-V3-003/spec.md	REQ-TUX3-008
.moai/specs/SPEC-CLI-TUX-V3-003/spec.md	REQ-TUX3-009
.moai/specs/SPEC-CLI-TUX-V3-003/spec.md	REQ-TUX3-010
.moai/specs/SPEC-CLI-TUX-V3-003/spec.md	REQ-TUX3-011
.moai/specs/SPEC-CLI-TUX-V3-003/spec.md	REQ-TUX3-012
.moai/specs/SPEC-CLI-TUX-V3-003/spec.md	REQ-TUX3-013
.moai/specs/SPEC-CLI-TUX-V3-003/spec.md	REQ-TUX3-014
.moai/specs/SPEC-CLI-TUX-V3-003/spec.md	REQ-TUX3-015
.moai/specs/SPEC-CLI-TUX-V3-003/spec.md	REQ-TUX3-016
.moai/specs/SPEC-CLI-TUX-V3-003/spec.md	REQ-TUX3-017
.moai/specs/SPEC-CLI-TUX-V3-003/spec.md	REQ-TUX3-018
.moai/specs/SPEC-CLI-TUX-V3-003/spec.md	REQ-TUX3-019
.moai/specs/SPEC-CLI-TUX-V3-003/spec.md	REQ-TUX3-020
.moai/specs/SPEC-CLI-TUX-V3-004/spec.md	REQ-TUX4-001
.moai/specs/SPEC-CLI-TUX-V3-004/spec.md	REQ-TUX4-002
.moai/specs/SPEC-CLI-TUX-V3-004/spec.md	REQ-TUX4-003
.moai/specs/SPEC-CLI-TUX-V3-004/spec.md	REQ-TUX4-004
.moai/specs/SPEC-CLI-TUX-V3-004/spec.md	REQ-TUX4-005
.moai/specs/SPEC-CLI-TUX-V3-004/spec.md	REQ-TUX4-006
.moai/specs/SPEC-CLI-TUX-V3-004/spec.md	REQ-TUX4-007
.moai/specs/SPEC-CLI-TUX-V3-004/spec.md	REQ-TUX4-008
.moai/specs/SPEC-CLI-TUX-V3-004/spec.md	REQ-TUX4-009
.moai/specs/SPEC-CLI-TUX-V3-004/spec.md	REQ-TUX4-010
.moai/specs/SPEC-CLI-TUX-V3-004/spec.md	REQ-TUX4-011
.moai/specs/SPEC-CLI-TUX-V3-004/spec.md	REQ-TUX4-012
.moai/specs/SPEC-CLI-WIZARD-RESTRUCTURE-001/spec.md	REQ-WIZ-001
.moai/specs/SPEC-CLI-WIZARD-RESTRUCTURE-001/spec.md	REQ-WIZ-002
.moai/specs/SPEC-CLI-WIZARD-RESTRUCTURE-001/spec.md	REQ-WIZ-003
.moai/specs/SPEC-CLI-WIZARD-RESTRUCTURE-001/spec.md	REQ-WIZ-004
.moai/specs/SPEC-CLI-WIZARD-RESTRUCTURE-001/spec.md	REQ-WIZ-005
.moai/specs/SPEC-CLI-WIZARD-RESTRUCTURE-001/spec.md	REQ-WIZ-006
.moai/specs/SPEC-CLI-WIZARD-RESTRUCTURE-001/spec.md	REQ-WIZ-007
.moai/specs/SPEC-CLI-WIZARD-RESTRUCTURE-001/spec.md	REQ-WIZ-008
.moai/specs/SPEC-CLI-WIZARD-RESTRUCTURE-001/spec.md	REQ-WIZ-009
.moai/specs/SPEC-CLI-WIZARD-RESTRUCTURE-001/spec.md	REQ-WIZ-010
.moai/specs/SPEC-CLI-WIZARD-RESTRUCTURE-001/spec.md	REQ-WIZ-011
.moai/specs/SPEC-CLI-WIZARD-RESTRUCTURE-001/spec.md	REQ-WIZ-012
.moai/specs/SPEC-CLI-WIZARD-RESTRUCTURE-001/spec.md	REQ-WIZ-013
.moai/specs/SPEC-CLI-WIZARD-RESTRUCTURE-001/spec.md	REQ-WIZ-014
.moai/specs/SPEC-CLI-WIZARD-RESTRUCTURE-001/spec.md	REQ-WIZ-015
.moai/specs/SPEC-CLI-WIZARD-RESTRUCTURE-001/spec.md	REQ-WIZ-016
.moai/specs/SPEC-CLI-WIZARD-RESTRUCTURE-001/spec.md	REQ-WIZ-017
.moai/specs/SPEC-CLI-WIZARD-RESTRUCTURE-001/spec.md	REQ-WIZ-018
.moai/specs/SPEC-CLI-WIZARD-RESTRUCTURE-001/spec.md	REQ-WIZ-019
.moai/specs/SPEC-CLI-WIZARD-RESTRUCTURE-001/spec.md	REQ-WIZ-020
.moai/specs/SPEC-CLI-WIZARD-RESTRUCTURE-001/spec.md	REQ-WIZ-021
.moai/specs/SPEC-CLI-WIZARD-RESTRUCTURE-001/spec.md	REQ-WIZ-022
.moai/specs/SPEC-CODEMAPS-ACCURACY-001/spec.md	REQ-CMA-001
.moai/specs/SPEC-CODEMAPS-ACCURACY-001/spec.md	REQ-CMA-002
.moai/specs/SPEC-CODEMAPS-ACCURACY-001/spec.md	REQ-CMA-003
.moai/specs/SPEC-CODEMAPS-ACCURACY-001/spec.md	REQ-CMA-005
.moai/specs/SPEC-CODEMAPS-ACCURACY-001/spec.md	REQ-CMA-006
.moai/specs/SPEC-CODEMAPS-ACCURACY-001/spec.md	REQ-CMA-007
.moai/specs/SPEC-CODEMAPS-ACCURACY-001/spec.md	REQ-CMA-008
.moai/specs/SPEC-CODEMAPS-ACCURACY-001/spec.md	REQ-CMA-009
.moai/specs/SPEC-CODEMAPS-ACCURACY-001/spec.md	REQ-CMA-010
.moai/specs/SPEC-CODEMAPS-REFRESH-002/spec.md	REQ-CM2-001
.moai/specs/SPEC-CODEMAPS-REFRESH-002/spec.md	REQ-CM2-002
.moai/specs/SPEC-CODEMAPS-REFRESH-002/spec.md	REQ-CM2-003
.moai/specs/SPEC-CODEMAPS-REFRESH-002/spec.md	REQ-CM2-004
.moai/specs/SPEC-CODEMAPS-REFRESH-002/spec.md	REQ-CM2-005
.moai/specs/SPEC-CODEMAPS-REFRESH-002/spec.md	REQ-CM2-006
.moai/specs/SPEC-CODEMAPS-REFRESH-002/spec.md	REQ-CM2-007
.moai/specs/SPEC-CODEMAPS-REFRESH-002/spec.md	REQ-CM2-008
.moai/specs/SPEC-CODEMAPS-REFRESH-002/spec.md	REQ-CM2-009
.moai/specs/SPEC-CODEMAPS-REFRESH-002/spec.md	REQ-CM2-010
.moai/specs/SPEC-CODEMAPS-REFRESH-002/spec.md	REQ-CM2-012
.moai/specs/SPEC-CODEMAPS-REFRESH-002/spec.md	REQ-CM2-013
.moai/specs/SPEC-CODEMAPS-REFRESH-002/spec.md	REQ-CM2-014
.moai/specs/SPEC-CODEX-LAUNCH-VERB-001/spec.md	REQ-CLV-001
.moai/specs/SPEC-CODEX-LAUNCH-VERB-001/spec.md	REQ-CLV-002
.moai/specs/SPEC-CODEX-LAUNCH-VERB-001/spec.md	REQ-CLV-003
.moai/specs/SPEC-CODEX-LAUNCH-VERB-001/spec.md	REQ-CLV-004
.moai/specs/SPEC-CODEX-LAUNCH-VERB-001/spec.md	REQ-CLV-005
.moai/specs/SPEC-CODEX-LAUNCH-VERB-001/spec.md	REQ-CLV-006
.moai/specs/SPEC-CODEX-LAUNCH-VERB-001/spec.md	REQ-CLV-007
.moai/specs/SPEC-CODEX-LAUNCH-VERB-001/spec.md	REQ-CLV-008
.moai/specs/SPEC-CODEX-LAUNCH-VERB-001/spec.md	REQ-CLV-009
.moai/specs/SPEC-CODEX-LAUNCH-VERB-001/spec.md	REQ-CLV-010
.moai/specs/SPEC-CODEX-LAUNCH-VERB-001/spec.md	REQ-CLV-011
.moai/specs/SPEC-CODEX-LAUNCH-VERB-001/spec.md	REQ-CLV-012
.moai/specs/SPEC-CODEX-PARTIAL-WIRING-001/spec.md	REQ-CPW-001
.moai/specs/SPEC-CODEX-PARTIAL-WIRING-001/spec.md	REQ-CPW-002
.moai/specs/SPEC-CODEX-PARTIAL-WIRING-001/spec.md	REQ-CPW-003
.moai/specs/SPEC-CODEX-PARTIAL-WIRING-001/spec.md	REQ-CPW-004
.moai/specs/SPEC-CODEX-PARTIAL-WIRING-001/spec.md	REQ-CPW-005
.moai/specs/SPEC-CODEX-PARTIAL-WIRING-001/spec.md	REQ-CPW-006
.moai/specs/SPEC-CODEX-PARTIAL-WIRING-001/spec.md	REQ-CPW-007
.moai/specs/SPEC-CODEX-PARTIAL-WIRING-001/spec.md	REQ-CPW-008
.moai/specs/SPEC-CODEX-PARTIAL-WIRING-001/spec.md	REQ-CPW-009
.moai/specs/SPEC-CODEX-PARTIAL-WIRING-001/spec.md	REQ-CPW-010
.moai/specs/SPEC-CODEX-PARTIAL-WIRING-001/spec.md	REQ-CPW-011
.moai/specs/SPEC-CODEX-SKILL-NEUTRAL-001/spec.md	REQ-CSN-001
.moai/specs/SPEC-CODEX-SKILL-NEUTRAL-001/spec.md	REQ-CSN-002
.moai/specs/SPEC-CODEX-SKILL-NEUTRAL-001/spec.md	REQ-CSN-003
.moai/specs/SPEC-CODEX-SKILL-NEUTRAL-001/spec.md	REQ-CSN-004
.moai/specs/SPEC-CODEX-SKILL-NEUTRAL-001/spec.md	REQ-CSN-005
.moai/specs/SPEC-CODEX-SKILL-NEUTRAL-001/spec.md	REQ-CSN-006
.moai/specs/SPEC-CODEX-SKILL-NEUTRAL-001/spec.md	REQ-CSN-007
.moai/specs/SPEC-CODEX-SKILL-NEUTRAL-001/spec.md	REQ-CSN-008
.moai/specs/SPEC-CODEX-SKILL-NEUTRAL-001/spec.md	REQ-CSN-009
.moai/specs/SPEC-CODEX-SKILL-NEUTRAL-001/spec.md	REQ-CSN-010
.moai/specs/SPEC-CODEX-SKILL-NEUTRAL-001/spec.md	REQ-CSN-011
.moai/specs/SPEC-CODEX-SKILL-NEUTRAL-001/spec.md	REQ-CSN-013
.moai/specs/SPEC-CODEX-SKILL-NEUTRAL-001/spec.md	REQ-CSN-014
.moai/specs/SPEC-CODEX-SKILL-NEUTRAL-001/spec.md	REQ-CSN-015
.moai/specs/SPEC-CODEX-SKILLS-CANONICAL-001/spec.md	REQ-CSC-001
.moai/specs/SPEC-CODEX-SKILLS-CANONICAL-001/spec.md	REQ-CSC-002
.moai/specs/SPEC-CODEX-SKILLS-CANONICAL-001/spec.md	REQ-CSC-003
.moai/specs/SPEC-CODEX-SKILLS-CANONICAL-001/spec.md	REQ-CSC-004
.moai/specs/SPEC-CODEX-SKILLS-CANONICAL-001/spec.md	REQ-CSC-005
.moai/specs/SPEC-CODEX-SKILLS-CANONICAL-001/spec.md	REQ-CSC-006
.moai/specs/SPEC-CODEX-SKILLS-CANONICAL-001/spec.md	REQ-CSC-007
.moai/specs/SPEC-CODEX-SKILLS-CANONICAL-001/spec.md	REQ-CSC-010
.moai/specs/SPEC-CODEX-SKILLS-CANONICAL-001/spec.md	REQ-CSC-011
.moai/specs/SPEC-CODEX-SKILLS-CANONICAL-001/spec.md	REQ-CSC-012
.moai/specs/SPEC-CODEX-SKILLS-CANONICAL-001/spec.md	REQ-CSC-013
.moai/specs/SPEC-CODEX-SKILLS-CANONICAL-001/spec.md	REQ-CSC-014
.moai/specs/SPEC-CODEX-SKILLS-CANONICAL-001/spec.md	REQ-CSC-015
.moai/specs/SPEC-CODEX-SKILLS-CANONICAL-001/spec.md	REQ-CSC-016
.moai/specs/SPEC-CONFIG-ATOMIC-WRITE-001/spec.md	REQ-CAW-001
.moai/specs/SPEC-CONFIG-ATOMIC-WRITE-001/spec.md	REQ-CAW-002
.moai/specs/SPEC-CONFIG-ATOMIC-WRITE-001/spec.md	REQ-CAW-003
.moai/specs/SPEC-CONFIG-ATOMIC-WRITE-001/spec.md	REQ-CAW-004
.moai/specs/SPEC-CONFIG-ATOMIC-WRITE-001/spec.md	REQ-CAW-005
.moai/specs/SPEC-CONFIG-ATOMIC-WRITE-001/spec.md	REQ-CAW-006
.moai/specs/SPEC-CONFIG-ATOMIC-WRITE-001/spec.md	REQ-CAW-007
.moai/specs/SPEC-DB-RETIRE-001/spec.md	REQ-DBR-001
.moai/specs/SPEC-DB-RETIRE-001/spec.md	REQ-DBR-002
.moai/specs/SPEC-DB-RETIRE-001/spec.md	REQ-DBR-003
.moai/specs/SPEC-DB-RETIRE-001/spec.md	REQ-DBR-004
.moai/specs/SPEC-DB-RETIRE-001/spec.md	REQ-DBR-005
.moai/specs/SPEC-DB-RETIRE-001/spec.md	REQ-DBR-006
.moai/specs/SPEC-DB-RETIRE-001/spec.md	REQ-DBR-007
.moai/specs/SPEC-DB-RETIRE-001/spec.md	REQ-DBR-008
.moai/specs/SPEC-DB-RETIRE-001/spec.md	REQ-DBR-009
.moai/specs/SPEC-DB-RETIRE-001/spec.md	REQ-DBR-010
.moai/specs/SPEC-DB-RETIRE-001/spec.md	REQ-DBR-011
.moai/specs/SPEC-DB-RETIRE-001/spec.md	REQ-DBR-012
.moai/specs/SPEC-DB-RETIRE-001/spec.md	REQ-DBR-013
.moai/specs/SPEC-DB-RETIRE-001/spec.md	REQ-DBR-014
.moai/specs/SPEC-DB-RETIRE-001/spec.md	REQ-DBR-015
.moai/specs/SPEC-DB-RETIRE-001/spec.md	REQ-DBR-016
.moai/specs/SPEC-DB-RETIRE-001/spec.md	REQ-DBR-017
.moai/specs/SPEC-DB-RETIRE-001/spec.md	REQ-DBR-018
.moai/specs/SPEC-DB-RETIRE-001/spec.md	REQ-DBR-019
.moai/specs/SPEC-DB-RETIRE-001/spec.md	REQ-DBR-020
.moai/specs/SPEC-DB-RETIRE-001/spec.md	REQ-DBR-021
.moai/specs/SPEC-DB-RETIRE-001/spec.md	REQ-DBR-022
.moai/specs/SPEC-DEADPKG-INVESTIGATE-001/spec.md	REQ-DPI-001
.moai/specs/SPEC-DEADPKG-INVESTIGATE-001/spec.md	REQ-DPI-002
.moai/specs/SPEC-DEADPKG-INVESTIGATE-001/spec.md	REQ-DPI-004
.moai/specs/SPEC-DEADPKG-INVESTIGATE-001/spec.md	REQ-DPI-005
.moai/specs/SPEC-DEADPKG-INVESTIGATE-001/spec.md	REQ-DPI-006
.moai/specs/SPEC-DEADPKG-INVESTIGATE-001/spec.md	REQ-DPI-007
.moai/specs/SPEC-DEADPKG-INVESTIGATE-001/spec.md	REQ-DPI-008
.moai/specs/SPEC-DEADPKG-INVESTIGATE-001/spec.md	REQ-DPI-009
.moai/specs/SPEC-DEADPKG-INVESTIGATE-001/spec.md	REQ-DPI-010
.moai/specs/SPEC-DEADPKG-INVESTIGATE-001/spec.md	REQ-DPI-011
.moai/specs/SPEC-DEADPKG-INVESTIGATE-001/spec.md	REQ-DPI-012
.moai/specs/SPEC-DEADPKG-INVESTIGATE-001/spec.md	REQ-DPI-013
.moai/specs/SPEC-DEPLOY-RESULT-WIRE-001/spec.md	REQ-DRW-001
.moai/specs/SPEC-DEPLOY-RESULT-WIRE-001/spec.md	REQ-DRW-002
.moai/specs/SPEC-DEPLOY-RESULT-WIRE-001/spec.md	REQ-DRW-003
.moai/specs/SPEC-DEPLOY-RESULT-WIRE-001/spec.md	REQ-DRW-004
.moai/specs/SPEC-DEPLOY-RESULT-WIRE-001/spec.md	REQ-DRW-005
.moai/specs/SPEC-DEPLOY-RESULT-WIRE-001/spec.md	REQ-DRW-006
.moai/specs/SPEC-DEPLOY-RESULT-WIRE-001/spec.md	REQ-DRW-007
.moai/specs/SPEC-DEPLOY-RESULT-WIRE-001/spec.md	REQ-DRW-008
.moai/specs/SPEC-DEPLOY-RESULT-WIRE-001/spec.md	REQ-DRW-009
.moai/specs/SPEC-DEPLOY-RESULT-WIRE-001/spec.md	REQ-DRW-010
.moai/specs/SPEC-DESIGN-DOCSV2-001/spec.md	REQ-BLD-001
.moai/specs/SPEC-DESIGN-DOCSV2-001/spec.md	REQ-BLD-002
.moai/specs/SPEC-DESIGN-DOCSV2-001/spec.md	REQ-CMP-001
.moai/specs/SPEC-DESIGN-DOCSV2-001/spec.md	REQ-CMP-003
.moai/specs/SPEC-DESIGN-DOCSV2-001/spec.md	REQ-CMP-005
.moai/specs/SPEC-DESIGN-DOCSV2-001/spec.md	REQ-CMP-006
.moai/specs/SPEC-DESIGN-DOCSV2-001/spec.md	REQ-I18N-001
.moai/specs/SPEC-DESIGN-DOCSV2-001/spec.md	REQ-I18N-003
.moai/specs/SPEC-DESIGN-DOCSV2-001/spec.md	REQ-LAY-001
.moai/specs/SPEC-DESIGN-DOCSV2-001/spec.md	REQ-LAY-002
.moai/specs/SPEC-DESIGN-DOCSV2-001/spec.md	REQ-LAY-003
.moai/specs/SPEC-DESIGN-DOCSV2-001/spec.md	REQ-LAY-004
.moai/specs/SPEC-DESIGN-DOCSV2-001/spec.md	REQ-LAY-005
.moai/specs/SPEC-DESIGN-DOCSV2-001/spec.md	REQ-LIT-001
.moai/specs/SPEC-DESIGN-DOCSV2-001/spec.md	REQ-MAS-001
.moai/specs/SPEC-DESIGN-DOCSV2-001/spec.md	REQ-MAS-002
.moai/specs/SPEC-DESIGN-DOCSV2-001/spec.md	REQ-MAS-003
.moai/specs/SPEC-DESIGN-DOCSV2-001/spec.md	REQ-MER-001
.moai/specs/SPEC-DESIGN-DOCSV2-001/spec.md	REQ-MER-002
.moai/specs/SPEC-DESIGN-DOCSV2-001/spec.md	REQ-TOK-001
.moai/specs/SPEC-DESIGN-DOCSV2-001/spec.md	REQ-TOK-002
.moai/specs/SPEC-DESIGN-DOCSV2-001/spec.md	REQ-TOK-003
.moai/specs/SPEC-DESIGN-DOCSV2-001/spec.md	REQ-TOK-004
.moai/specs/SPEC-DESIGN-DOCSV2-001/spec.md	REQ-TOK-005
.moai/specs/SPEC-DESIGN-DOCSV2-001/spec.md	REQ-TOK-006
.moai/specs/SPEC-DESIGN-DOCSV2-001/spec.md	REQ-TOK-007
.moai/specs/SPEC-DESIGN-DOCSV2-001/spec.md	REQ-TYP-001
.moai/specs/SPEC-DESIGN-DOCSV2-001/spec.md	REQ-TYP-003
.moai/specs/SPEC-DESIGN-DOCSV2-001/spec.md	REQ-TYP-004
.moai/specs/SPEC-DESIGN-DOCSV2-001/spec.md	REQ-TYP-005
.moai/specs/SPEC-DESIGN-MOAIWEBV2-001/spec.md	REQ-MWV2-001
.moai/specs/SPEC-DESIGN-MOAIWEBV2-001/spec.md	REQ-MWV2-002
.moai/specs/SPEC-DESIGN-MOAIWEBV2-001/spec.md	REQ-MWV2-003
.moai/specs/SPEC-DESIGN-MOAIWEBV2-001/spec.md	REQ-MWV2-004
.moai/specs/SPEC-DESIGN-MOAIWEBV2-001/spec.md	REQ-MWV2-005
.moai/specs/SPEC-DESIGN-MOAIWEBV2-001/spec.md	REQ-MWV2-010
.moai/specs/SPEC-DESIGN-MOAIWEBV2-001/spec.md	REQ-MWV2-011
.moai/specs/SPEC-DESIGN-MOAIWEBV2-001/spec.md	REQ-MWV2-012
.moai/specs/SPEC-DESIGN-MOAIWEBV2-001/spec.md	REQ-MWV2-013
.moai/specs/SPEC-DESIGN-MOAIWEBV2-001/spec.md	REQ-MWV2-020
.moai/specs/SPEC-DESIGN-MOAIWEBV2-001/spec.md	REQ-MWV2-022
.moai/specs/SPEC-DESIGN-MOAIWEBV2-001/spec.md	REQ-MWV2-030
.moai/specs/SPEC-DESIGN-MOAIWEBV2-001/spec.md	REQ-MWV2-031
.moai/specs/SPEC-DESIGN-MOAIWEBV2-001/spec.md	REQ-MWV2-032
.moai/specs/SPEC-DESIGN-MOAIWEBV2-001/spec.md	REQ-MWV2-040
.moai/specs/SPEC-DESIGN-MOAIWEBV2-002/spec.md	REQ-MWA-001
.moai/specs/SPEC-DESIGN-MOAIWEBV2-002/spec.md	REQ-MWA-002
.moai/specs/SPEC-DESIGN-MOAIWEBV2-002/spec.md	REQ-MWA-003
.moai/specs/SPEC-DESIGN-MOAIWEBV2-002/spec.md	REQ-MWA-004
.moai/specs/SPEC-DESIGN-MOAIWEBV2-002/spec.md	REQ-MWA-005
.moai/specs/SPEC-DESIGN-MOAIWEBV2-002/spec.md	REQ-MWA-006
.moai/specs/SPEC-DESIGN-MOAIWEBV2-002/spec.md	REQ-MWA-007
.moai/specs/SPEC-DESIGN-MOAIWEBV2-002/spec.md	REQ-MWA-008
.moai/specs/SPEC-DESIGN-MOAIWEBV2-002/spec.md	REQ-MWA-009
.moai/specs/SPEC-DESIGN-MOAIWEBV2-002/spec.md	REQ-MWA-010
.moai/specs/SPEC-DESIGN-MOAIWEBV2-002/spec.md	REQ-MWA-012
.moai/specs/SPEC-DESIGN-MOAIWEBV2-002/spec.md	REQ-MWA-013
.moai/specs/SPEC-DESIGN-MOAIWEBV2-002/spec.md	REQ-MWA-014
.moai/specs/SPEC-DIVECC-INVENTORY-VIEW-001/spec.md	REQ-INV-001
.moai/specs/SPEC-DIVECC-INVENTORY-VIEW-001/spec.md	REQ-INV-002
.moai/specs/SPEC-DIVECC-INVENTORY-VIEW-001/spec.md	REQ-INV-003
.moai/specs/SPEC-DIVECC-INVENTORY-VIEW-001/spec.md	REQ-INV-004
.moai/specs/SPEC-DIVECC-INVENTORY-VIEW-001/spec.md	REQ-INV-005
.moai/specs/SPEC-DIVECC-INVENTORY-VIEW-001/spec.md	REQ-INV-006
.moai/specs/SPEC-DIVECC-INVENTORY-VIEW-001/spec.md	REQ-INV-007
.moai/specs/SPEC-DIVECC-INVENTORY-VIEW-001/spec.md	REQ-INV-008
.moai/specs/SPEC-DIVECC-INVENTORY-VIEW-001/spec.md	REQ-INV-009
.moai/specs/SPEC-DIVECC-INVENTORY-VIEW-001/spec.md	REQ-INV-010
.moai/specs/SPEC-DIVECC-INVENTORY-VIEW-001/spec.md	REQ-INV-011
.moai/specs/SPEC-DIVECC-INVENTORY-VIEW-001/spec.md	REQ-INV-012
.moai/specs/SPEC-DIVECC-INVENTORY-VIEW-001/spec.md	REQ-INV-013
.moai/specs/SPEC-DOCSITE-E2E-001/spec.md	REQ-DSE-001
.moai/specs/SPEC-DOCSITE-E2E-001/spec.md	REQ-DSE-002
.moai/specs/SPEC-DOCSITE-E2E-001/spec.md	REQ-DSE-003
.moai/specs/SPEC-DOCSITE-E2E-001/spec.md	REQ-DSE-004
.moai/specs/SPEC-DOCSITE-E2E-001/spec.md	REQ-DSE-005
.moai/specs/SPEC-DOCSITE-E2E-001/spec.md	REQ-DSE-006
.moai/specs/SPEC-DOCSITE-E2E-001/spec.md	REQ-DSE-007
.moai/specs/SPEC-DOCSITE-E2E-001/spec.md	REQ-DSE-008
.moai/specs/SPEC-DOCSITE-E2E-001/spec.md	REQ-DSE-009
.moai/specs/SPEC-DOCSITE-E2E-001/spec.md	REQ-DSE-100
.moai/specs/SPEC-DOCSITE-E2E-001/spec.md	REQ-DSE-101
.moai/specs/SPEC-DOCSITE-E2E-001/spec.md	REQ-DSE-102
.moai/specs/SPEC-DOCSITE-E2E-001/spec.md	REQ-DSE-103
.moai/specs/SPEC-DOCSITE-E2E-001/spec.md	REQ-DSE-104
.moai/specs/SPEC-DOCSITE-E2E-001/spec.md	REQ-DSE-105
.moai/specs/SPEC-DOCSITE-E2E-001/spec.md	REQ-DSE-200
.moai/specs/SPEC-DOCSITE-E2E-001/spec.md	REQ-DSE-201
.moai/specs/SPEC-DOCSITE-E2E-001/spec.md	REQ-DSE-202
.moai/specs/SPEC-DOCSITE-E2E-001/spec.md	REQ-DSE-204
.moai/specs/SPEC-DOCSITE-E2E-001/spec.md	REQ-DSE-205
.moai/specs/SPEC-DOCTOR-EMBED-COMPARE-BRANCH-001/spec.md	REQ-DECB-001
.moai/specs/SPEC-DOCTOR-EMBED-COMPARE-BRANCH-001/spec.md	REQ-DECB-002
.moai/specs/SPEC-DOCTOR-EMBED-COMPARE-BRANCH-001/spec.md	REQ-DECB-003
.moai/specs/SPEC-DOCTOR-EMBED-COMPARE-BRANCH-001/spec.md	REQ-DECB-004
.moai/specs/SPEC-DOCTOR-EMBED-COMPARE-BRANCH-001/spec.md	REQ-DECB-005
.moai/specs/SPEC-DOCTOR-EMBED-COMPARE-BRANCH-001/spec.md	REQ-DECB-006
.moai/specs/SPEC-DOCTOR-EMBED-COMPARE-BRANCH-001/spec.md	REQ-DECB-007
.moai/specs/SPEC-DWF-CODEMAPS-PILOT-001/spec.md	REQ-DCP-001
.moai/specs/SPEC-DWF-CODEMAPS-PILOT-001/spec.md	REQ-DCP-002
.moai/specs/SPEC-DWF-CODEMAPS-PILOT-001/spec.md	REQ-DCP-003
.moai/specs/SPEC-DWF-CODEMAPS-PILOT-001/spec.md	REQ-DCP-004
.moai/specs/SPEC-DWF-CODEMAPS-PILOT-001/spec.md	REQ-DCP-005
.moai/specs/SPEC-DWF-CODEMAPS-PILOT-001/spec.md	REQ-DCP-006
.moai/specs/SPEC-DWF-CODEMAPS-PILOT-001/spec.md	REQ-DCP-007
.moai/specs/SPEC-DWF-CODEMAPS-PILOT-001/spec.md	REQ-DCP-008
.moai/specs/SPEC-DWF-CODEMAPS-PILOT-001/spec.md	REQ-DCP-009
.moai/specs/SPEC-DWF-CODEMAPS-PILOT-001/spec.md	REQ-DCP-010
.moai/specs/SPEC-E2E-REVIVAL-001/spec.md	REQ-E2E-001
.moai/specs/SPEC-E2E-REVIVAL-001/spec.md	REQ-E2E-002
.moai/specs/SPEC-E2E-REVIVAL-001/spec.md	REQ-E2E-003
.moai/specs/SPEC-E2E-REVIVAL-001/spec.md	REQ-E2E-004
.moai/specs/SPEC-E2E-REVIVAL-001/spec.md	REQ-E2E-005
.moai/specs/SPEC-E2E-REVIVAL-001/spec.md	REQ-E2E-006
.moai/specs/SPEC-E2E-REVIVAL-001/spec.md	REQ-E2E-007
.moai/specs/SPEC-E2E-REVIVAL-001/spec.md	REQ-E2E-100
.moai/specs/SPEC-E2E-REVIVAL-001/spec.md	REQ-E2E-101
.moai/specs/SPEC-E2E-REVIVAL-001/spec.md	REQ-E2E-102
.moai/specs/SPEC-E2E-REVIVAL-001/spec.md	REQ-E2E-103
.moai/specs/SPEC-E2E-REVIVAL-001/spec.md	REQ-E2E-104
.moai/specs/SPEC-E2E-REVIVAL-001/spec.md	REQ-E2E-105
.moai/specs/SPEC-E2E-REVIVAL-001/spec.md	REQ-E2E-200
.moai/specs/SPEC-E2E-REVIVAL-001/spec.md	REQ-E2E-201
.moai/specs/SPEC-E2E-REVIVAL-001/spec.md	REQ-E2E-202
.moai/specs/SPEC-E2E-REVIVAL-001/spec.md	REQ-E2E-203
.moai/specs/SPEC-E2E-REVIVAL-001/spec.md	REQ-E2E-204
.moai/specs/SPEC-E2E-REVIVAL-001/spec.md	REQ-E2E-300
.moai/specs/SPEC-E2E-REVIVAL-001/spec.md	REQ-E2E-301
.moai/specs/SPEC-E2E-REVIVAL-001/spec.md	REQ-E2E-302
.moai/specs/SPEC-E2E-REVIVAL-001/spec.md	REQ-E2E-303
.moai/specs/SPEC-E2E-REVIVAL-001/spec.md	REQ-E2E-304
.moai/specs/SPEC-E2E-REVIVAL-001/spec.md	REQ-E2E-305
.moai/specs/SPEC-E2E-REVIVAL-001/spec.md	REQ-E2E-400
.moai/specs/SPEC-E2E-REVIVAL-001/spec.md	REQ-E2E-401
.moai/specs/SPEC-E2E-REVIVAL-001/spec.md	REQ-E2E-402
.moai/specs/SPEC-E2E-REVIVAL-001/spec.md	REQ-E2E-403
.moai/specs/SPEC-E2E-REVIVAL-001/spec.md	REQ-E2E-404
.moai/specs/SPEC-E2E-REVIVAL-001/spec.md	REQ-E2E-405
.moai/specs/SPEC-E2E-REVIVAL-001/spec.md	REQ-E2E-500
.moai/specs/SPEC-E2E-REVIVAL-001/spec.md	REQ-E2E-501
.moai/specs/SPEC-EVIDENCE-CITATION-CANON-001/spec.md	REQ-ECC-001
.moai/specs/SPEC-EVIDENCE-CITATION-CANON-001/spec.md	REQ-ECC-002
.moai/specs/SPEC-EVIDENCE-CITATION-CANON-001/spec.md	REQ-ECC-003
.moai/specs/SPEC-EVIDENCE-CITATION-CANON-001/spec.md	REQ-ECC-004
.moai/specs/SPEC-EVIDENCE-CITATION-CANON-001/spec.md	REQ-ECC-005
.moai/specs/SPEC-EVIDENCE-CITATION-CANON-001/spec.md	REQ-ECC-006
.moai/specs/SPEC-EVIDENCE-CITATION-CANON-001/spec.md	REQ-ECC-007
.moai/specs/SPEC-EVIDENCE-CITATION-CANON-001/spec.md	REQ-ECC-008
.moai/specs/SPEC-EVIDENCE-CITATION-CANON-001/spec.md	REQ-ECC-009
.moai/specs/SPEC-EVIDENCE-CITATION-CANON-001/spec.md	REQ-ECC-010
.moai/specs/SPEC-EVIDENCE-CITATION-CANON-001/spec.md	REQ-ECC-011
.moai/specs/SPEC-EVIDENCE-CITATION-CANON-001/spec.md	REQ-ECC-012
.moai/specs/SPEC-EVIDENCE-CITATION-CANON-001/spec.md	REQ-ECC-013
.moai/specs/SPEC-FULL-SUITE-DOCTRINE-001/spec.md	REQ-FSD-001
.moai/specs/SPEC-FULL-SUITE-DOCTRINE-001/spec.md	REQ-FSD-002
.moai/specs/SPEC-FULL-SUITE-DOCTRINE-001/spec.md	REQ-FSD-003
.moai/specs/SPEC-FULL-SUITE-DOCTRINE-001/spec.md	REQ-FSD-004
.moai/specs/SPEC-FULL-SUITE-DOCTRINE-001/spec.md	REQ-FSD-005
.moai/specs/SPEC-FULL-SUITE-DOCTRINE-001/spec.md	REQ-FSD-006
.moai/specs/SPEC-FULL-SUITE-DOCTRINE-001/spec.md	REQ-FSD-007
.moai/specs/SPEC-FULL-SUITE-DOCTRINE-001/spec.md	REQ-FSD-008
.moai/specs/SPEC-FULL-SUITE-DOCTRINE-001/spec.md	REQ-FSD-009
.moai/specs/SPEC-FULL-SUITE-DOCTRINE-001/spec.md	REQ-FSD-010
.moai/specs/SPEC-FULL-SUITE-DOCTRINE-001/spec.md	REQ-FSD-011
.moai/specs/SPEC-GATE-ASTGREP-REPAIR-001/spec.md	REQ-GAR-001
.moai/specs/SPEC-GATE-ASTGREP-REPAIR-001/spec.md	REQ-GAR-002
.moai/specs/SPEC-GATE-ASTGREP-REPAIR-001/spec.md	REQ-GAR-003
.moai/specs/SPEC-GATE-ASTGREP-REPAIR-001/spec.md	REQ-GAR-004
.moai/specs/SPEC-GATE-ASTGREP-REPAIR-001/spec.md	REQ-GAR-005
.moai/specs/SPEC-GATE-ASTGREP-REPAIR-001/spec.md	REQ-GAR-006
.moai/specs/SPEC-GATE-ASTGREP-REPAIR-001/spec.md	REQ-GAR-007
.moai/specs/SPEC-GATE-ASTGREP-REPAIR-001/spec.md	REQ-GAR-008
.moai/specs/SPEC-GOAL-DOCS-RETIRE-001/spec.md	REQ-GDR-001
.moai/specs/SPEC-GOAL-DOCS-RETIRE-001/spec.md	REQ-GDR-002
.moai/specs/SPEC-GOAL-DOCS-RETIRE-001/spec.md	REQ-GDR-003
.moai/specs/SPEC-GOAL-DOCS-RETIRE-001/spec.md	REQ-GDR-004
.moai/specs/SPEC-GOAL-DOCS-RETIRE-001/spec.md	REQ-GDR-005
.moai/specs/SPEC-GOAL-DOCS-RETIRE-001/spec.md	REQ-GDR-006
.moai/specs/SPEC-GOAL-DOCS-RETIRE-001/spec.md	REQ-GDR-007
.moai/specs/SPEC-GOAL-DOCS-RETIRE-001/spec.md	REQ-GDR-008
.moai/specs/SPEC-GOAL-DOCS-RETIRE-001/spec.md	REQ-GDR-009
.moai/specs/SPEC-GOAL-DOCS-RETIRE-001/spec.md	REQ-GDR-010
.moai/specs/SPEC-GOAL-DOCS-RETIRE-001/spec.md	REQ-GDR-011
.moai/specs/SPEC-GOAL-ENGINE-001/spec.md	REQ-GLE-001
.moai/specs/SPEC-GOAL-ENGINE-001/spec.md	REQ-GLE-002
.moai/specs/SPEC-GOAL-ENGINE-001/spec.md	REQ-GLE-003
.moai/specs/SPEC-GOAL-ENGINE-001/spec.md	REQ-GLE-004
.moai/specs/SPEC-GOAL-ENGINE-001/spec.md	REQ-GLE-005
.moai/specs/SPEC-GOAL-ENGINE-001/spec.md	REQ-GLE-006
.moai/specs/SPEC-GOAL-ENGINE-001/spec.md	REQ-GLE-007
.moai/specs/SPEC-GOAL-ENGINE-001/spec.md	REQ-GLE-008
.moai/specs/SPEC-GOAL-ENGINE-001/spec.md	REQ-GLE-009
.moai/specs/SPEC-GOAL-ENGINE-001/spec.md	REQ-GLE-010
.moai/specs/SPEC-GOAL-ENGINE-001/spec.md	REQ-GLE-011
.moai/specs/SPEC-GOAL-ENGINE-001/spec.md	REQ-GLE-012
.moai/specs/SPEC-GOAL-ENGINE-001/spec.md	REQ-GLE-013
.moai/specs/SPEC-GOAL-ENGINE-001/spec.md	REQ-GLE-014
.moai/specs/SPEC-GOAL-ENGINE-001/spec.md	REQ-GLE-015
.moai/specs/SPEC-GOAL-ENGINE-001/spec.md	REQ-GLE-016
.moai/specs/SPEC-GOAL-ENGINE-001/spec.md	REQ-GLE-017
.moai/specs/SPEC-GOAL-ENGINE-001/spec.md	REQ-GLE-018
.moai/specs/SPEC-GOAL-ENGINE-001/spec.md	REQ-GLE-019
.moai/specs/SPEC-GOAL-ENGINE-001/spec.md	REQ-GLE-020
.moai/specs/SPEC-GOAL-ENGINE-001/spec.md	REQ-GLE-021
.moai/specs/SPEC-GOAL-ENGINE-001/spec.md	REQ-GLE-022
.moai/specs/SPEC-GOAL-ENGINE-001/spec.md	REQ-GLE-023
.moai/specs/SPEC-GOAL-ENGINE-001/spec.md	REQ-GLE-024
.moai/specs/SPEC-GOAL-ENGINE-001/spec.md	REQ-GLE-025
.moai/specs/SPEC-GOAL-ENGINE-001/spec.md	REQ-GLE-026
.moai/specs/SPEC-GOAL-ENGINE-001/spec.md	REQ-GLE-027
.moai/specs/SPEC-GOAL-ENGINE-001/spec.md	REQ-GLE-028
.moai/specs/SPEC-GOAL-ENGINE-001/spec.md	REQ-GLE-029
.moai/specs/SPEC-GOAL-ENGINE-001/spec.md	REQ-GLE-030
.moai/specs/SPEC-GOAL-ENGINE-001/spec.md	REQ-GLE-031
.moai/specs/SPEC-GOAL-ENGINE-001/spec.md	REQ-GLE-032
.moai/specs/SPEC-GOAL-ENGINE-001/spec.md	REQ-GLE-033
.moai/specs/SPEC-GOAL-ENGINE-001/spec.md	REQ-GLE-034
.moai/specs/SPEC-GOAL-HTML-FLOW-001/spec.md	REQ-GHF-001
.moai/specs/SPEC-GOAL-HTML-FLOW-001/spec.md	REQ-GHF-002
.moai/specs/SPEC-GOAL-HTML-FLOW-001/spec.md	REQ-GHF-004
.moai/specs/SPEC-GOAL-HTML-FLOW-001/spec.md	REQ-GHF-005
.moai/specs/SPEC-GOAL-HTML-FLOW-001/spec.md	REQ-GHF-006
.moai/specs/SPEC-GOAL-HTML-FLOW-001/spec.md	REQ-GHF-007
.moai/specs/SPEC-GOAL-HTML-FLOW-001/spec.md	REQ-GHF-008
.moai/specs/SPEC-GOAL-HTML-FLOW-001/spec.md	REQ-GHF-009
.moai/specs/SPEC-GOAL-HTML-FLOW-001/spec.md	REQ-GHF-010
.moai/specs/SPEC-GOAL-SURFACE-UNIFY-001/spec.md	REQ-GSU-001
.moai/specs/SPEC-GOAL-SURFACE-UNIFY-001/spec.md	REQ-GSU-002
.moai/specs/SPEC-GOAL-SURFACE-UNIFY-001/spec.md	REQ-GSU-003
.moai/specs/SPEC-GOAL-SURFACE-UNIFY-001/spec.md	REQ-GSU-004
.moai/specs/SPEC-GOAL-SURFACE-UNIFY-001/spec.md	REQ-GSU-005
.moai/specs/SPEC-GOAL-SURFACE-UNIFY-001/spec.md	REQ-GSU-006
.moai/specs/SPEC-GOAL-SURFACE-UNIFY-001/spec.md	REQ-GSU-007
.moai/specs/SPEC-GOAL-SURFACE-UNIFY-001/spec.md	REQ-GSU-008
.moai/specs/SPEC-GOAL-SURFACE-UNIFY-001/spec.md	REQ-GSU-009
.moai/specs/SPEC-GOAL-SURFACE-UNIFY-001/spec.md	REQ-GSU-010
.moai/specs/SPEC-GOAL-SURFACE-UNIFY-001/spec.md	REQ-GSU-011
.moai/specs/SPEC-GOAL-SURFACE-UNIFY-001/spec.md	REQ-GSU-012
.moai/specs/SPEC-GOAL-SURFACE-UNIFY-001/spec.md	REQ-GSU-013
.moai/specs/SPEC-GOAL-SURFACE-UNIFY-001/spec.md	REQ-GSU-014
.moai/specs/SPEC-GOAL-SURFACE-UNIFY-001/spec.md	REQ-GSU-015
.moai/specs/SPEC-GOAL-SURFACE-UNIFY-001/spec.md	REQ-GSU-016
.moai/specs/SPEC-GOAL-SURFACE-UNIFY-001/spec.md	REQ-GSU-017
.moai/specs/SPEC-GOAL-SURFACE-UNIFY-001/spec.md	REQ-GSU-018
.moai/specs/SPEC-GOAL-SURFACE-UNIFY-001/spec.md	REQ-GSU-019
.moai/specs/SPEC-GOAL-SURFACE-UNIFY-001/spec.md	REQ-GSU-020
.moai/specs/SPEC-GOAL-SURFACE-UNIFY-001/spec.md	REQ-GSU-021
.moai/specs/SPEC-GOAL-SURFACE-UNIFY-001/spec.md	REQ-GSU-022
.moai/specs/SPEC-GOAL-SURFACE-UNIFY-001/spec.md	REQ-GSU-023
.moai/specs/SPEC-GOAL-SURFACE-UNIFY-001/spec.md	REQ-GSU-024
.moai/specs/SPEC-GOAL-SURFACE-UNIFY-001/spec.md	REQ-GSU-028
.moai/specs/SPEC-GUARD-LIVENESS-001/spec.md	REQ-GDL-001
.moai/specs/SPEC-GUARD-LIVENESS-001/spec.md	REQ-GDL-002
.moai/specs/SPEC-GUARD-LIVENESS-001/spec.md	REQ-GDL-003
.moai/specs/SPEC-GUARD-LIVENESS-001/spec.md	REQ-GDL-004
.moai/specs/SPEC-GUARD-LIVENESS-001/spec.md	REQ-GDL-005
.moai/specs/SPEC-GUARD-LIVENESS-001/spec.md	REQ-GDL-006
.moai/specs/SPEC-GUARD-LIVENESS-001/spec.md	REQ-GDL-007
.moai/specs/SPEC-GUARD-LIVENESS-001/spec.md	REQ-GDL-008
.moai/specs/SPEC-GUARD-LIVENESS-001/spec.md	REQ-GDL-009
.moai/specs/SPEC-GUARD-LIVENESS-001/spec.md	REQ-GDL-010
.moai/specs/SPEC-GUARD-LIVENESS-001/spec.md	REQ-GDL-011
.moai/specs/SPEC-GUARD-LIVENESS-001/spec.md	REQ-GDL-012
.moai/specs/SPEC-GUARD-LIVENESS-001/spec.md	REQ-GDL-013
.moai/specs/SPEC-GUARD-STATE-MODEL-001/spec.md	REQ-GSM-001
.moai/specs/SPEC-GUARD-STATE-MODEL-001/spec.md	REQ-GSM-002
.moai/specs/SPEC-GUARD-STATE-MODEL-001/spec.md	REQ-GSM-003
.moai/specs/SPEC-GUARD-STATE-MODEL-001/spec.md	REQ-GSM-004
.moai/specs/SPEC-GUARD-STATE-MODEL-001/spec.md	REQ-GSM-005
.moai/specs/SPEC-GUARD-STATE-MODEL-001/spec.md	REQ-GSM-006
.moai/specs/SPEC-GUARD-STATE-MODEL-001/spec.md	REQ-GSM-007
.moai/specs/SPEC-GUARD-STATE-MODEL-001/spec.md	REQ-GSM-008
.moai/specs/SPEC-GUARD-STATE-MODEL-001/spec.md	REQ-GSM-009
.moai/specs/SPEC-GUARD-STATE-MODEL-001/spec.md	REQ-GSM-010
.moai/specs/SPEC-GUARD-STATE-MODEL-001/spec.md	REQ-GSM-011
.moai/specs/SPEC-GUARD-STATE-MODEL-001/spec.md	REQ-GSM-012
.moai/specs/SPEC-GUARD-STATE-MODEL-001/spec.md	REQ-GSM-013
.moai/specs/SPEC-HAIKU-EFFORT-INERT-001/spec.md	REQ-HEI-001
.moai/specs/SPEC-HAIKU-EFFORT-INERT-001/spec.md	REQ-HEI-002
.moai/specs/SPEC-HAIKU-EFFORT-INERT-001/spec.md	REQ-HEI-003
.moai/specs/SPEC-HAIKU-EFFORT-INERT-001/spec.md	REQ-HEI-004
.moai/specs/SPEC-HAIKU-EFFORT-INERT-001/spec.md	REQ-HEI-005
.moai/specs/SPEC-HAIKU-EFFORT-INERT-001/spec.md	REQ-HEI-006
.moai/specs/SPEC-HAIKU-EFFORT-INERT-001/spec.md	REQ-HEI-007
.moai/specs/SPEC-HARNESS-APPLY-EXECUTE-001/spec.md	REQ-AEX-001
.moai/specs/SPEC-HARNESS-APPLY-EXECUTE-001/spec.md	REQ-AEX-002
.moai/specs/SPEC-HARNESS-APPLY-EXECUTE-001/spec.md	REQ-AEX-003
.moai/specs/SPEC-HARNESS-APPLY-EXECUTE-001/spec.md	REQ-AEX-004
.moai/specs/SPEC-HARNESS-APPLY-EXECUTE-001/spec.md	REQ-AEX-005
.moai/specs/SPEC-HARNESS-APPLY-EXECUTE-001/spec.md	REQ-AEX-006
.moai/specs/SPEC-HARNESS-APPLY-EXECUTE-001/spec.md	REQ-AEX-007
.moai/specs/SPEC-HARNESS-APPLY-EXECUTE-001/spec.md	REQ-AEX-008
.moai/specs/SPEC-HARNESS-APPLY-EXECUTE-001/spec.md	REQ-AEX-009
.moai/specs/SPEC-HARNESS-APPLY-EXECUTE-001/spec.md	REQ-AEX-010
.moai/specs/SPEC-HARNESS-APPLY-EXECUTE-001/spec.md	REQ-AEX-011
.moai/specs/SPEC-HARNESS-APPLY-EXECUTE-001/spec.md	REQ-AEX-012
.moai/specs/SPEC-HARNESS-APPLY-EXECUTE-001/spec.md	REQ-AEX-013
.moai/specs/SPEC-HARNESS-APPLY-EXECUTE-001/spec.md	REQ-AEX-014
.moai/specs/SPEC-HARNESS-APPLY-EXECUTE-001/spec.md	REQ-AEX-015
.moai/specs/SPEC-HARNESS-APPLY-EXECUTE-001/spec.md	REQ-AEX-016
.moai/specs/SPEC-HARNESS-CLI-COVERAGE-001/spec.md	REQ-HCC-001
.moai/specs/SPEC-HARNESS-CLI-COVERAGE-001/spec.md	REQ-HCC-002
.moai/specs/SPEC-HARNESS-CLI-COVERAGE-001/spec.md	REQ-HCC-003
.moai/specs/SPEC-HARNESS-CLI-COVERAGE-001/spec.md	REQ-HCC-004
.moai/specs/SPEC-HARNESS-CLI-COVERAGE-001/spec.md	REQ-HCC-005
.moai/specs/SPEC-HARNESS-CLI-COVERAGE-001/spec.md	REQ-HCC-006
.moai/specs/SPEC-HARNESS-CLI-COVERAGE-001/spec.md	REQ-HCC-015
.moai/specs/SPEC-HARNESS-CLI-COVERAGE-001/spec.md	REQ-HCC-016
.moai/specs/SPEC-HARNESS-CLI-COVERAGE-001/spec.md	REQ-HCC-017
.moai/specs/SPEC-HARNESS-CLI-COVERAGE-001/spec.md	REQ-HCC-019
.moai/specs/SPEC-HARNESS-CLI-COVERAGE-001/spec.md	REQ-HCC-020
.moai/specs/SPEC-HARNESS-CLI-COVERAGE-001/spec.md	REQ-HCC-021
.moai/specs/SPEC-HARNESS-CLI-COVERAGE-001/spec.md	REQ-HCC-022
.moai/specs/SPEC-HARNESS-EVOLVE-001/spec.md	REQ-HEV-001
.moai/specs/SPEC-HARNESS-EVOLVE-001/spec.md	REQ-HEV-002
.moai/specs/SPEC-HARNESS-EVOLVE-001/spec.md	REQ-HEV-003
.moai/specs/SPEC-HARNESS-EVOLVE-001/spec.md	REQ-HEV-004
.moai/specs/SPEC-HARNESS-EVOLVE-001/spec.md	REQ-HEV-005
.moai/specs/SPEC-HARNESS-EVOLVE-001/spec.md	REQ-HEV-006
.moai/specs/SPEC-HARNESS-EVOLVE-001/spec.md	REQ-HEV-007
.moai/specs/SPEC-HARNESS-EVOLVE-001/spec.md	REQ-HEV-008
.moai/specs/SPEC-HARNESS-EVOLVE-001/spec.md	REQ-HEV-009
.moai/specs/SPEC-HARNESS-EVOLVE-001/spec.md	REQ-HEV-010
.moai/specs/SPEC-HARNESS-EVOLVE-001/spec.md	REQ-HEV-011
.moai/specs/SPEC-HARNESS-EVOLVE-001/spec.md	REQ-HEV-012
.moai/specs/SPEC-HARNESS-EVOLVE-001/spec.md	REQ-HEV-013
.moai/specs/SPEC-HARNESS-EVOLVE-001/spec.md	REQ-HEV-014
.moai/specs/SPEC-HARNESS-EVOLVE-001/spec.md	REQ-HEV-015
.moai/specs/SPEC-HARNESS-EVOLVE-001/spec.md	REQ-HEV-016
.moai/specs/SPEC-HARNESS-EVOLVE-001/spec.md	REQ-HEV-017
.moai/specs/SPEC-HARNESS-EVOLVE-001/spec.md	REQ-HEV-018
.moai/specs/SPEC-HARNESS-EVOLVE-001/spec.md	REQ-HEV-019
.moai/specs/SPEC-HARNESS-EVOLVE-001/spec.md	REQ-HEV-020
.moai/specs/SPEC-HARNESS-EVOLVE-001/spec.md	REQ-HEV-021
.moai/specs/SPEC-HARNESS-EVOLVE-002/spec.md	REQ-HEV2-001
.moai/specs/SPEC-HARNESS-EVOLVE-002/spec.md	REQ-HEV2-002
.moai/specs/SPEC-HARNESS-EVOLVE-002/spec.md	REQ-HEV2-003
.moai/specs/SPEC-HARNESS-EVOLVE-002/spec.md	REQ-HEV2-004
.moai/specs/SPEC-HARNESS-EVOLVE-002/spec.md	REQ-HEV2-005
.moai/specs/SPEC-HARNESS-EVOLVE-002/spec.md	REQ-HEV2-006
.moai/specs/SPEC-HARNESS-EVOLVE-002/spec.md	REQ-HEV2-007
.moai/specs/SPEC-HARNESS-EVOLVE-002/spec.md	REQ-HEV2-008
.moai/specs/SPEC-HARNESS-EVOLVE-002/spec.md	REQ-HEV2-009
.moai/specs/SPEC-HARNESS-EVOLVE-002/spec.md	REQ-HEV2-010
.moai/specs/SPEC-HARNESS-EVOLVE-002/spec.md	REQ-HEV2-011
.moai/specs/SPEC-HARNESS-EVOLVE-002/spec.md	REQ-HEV2-012
.moai/specs/SPEC-HARNESS-EVOLVE-002/spec.md	REQ-HEV2-013
.moai/specs/SPEC-HARNESS-EVOLVE-002/spec.md	REQ-HEV2-014
.moai/specs/SPEC-HARNESS-EVOLVE-002/spec.md	REQ-HEV2-015
.moai/specs/SPEC-HARNESS-EVOLVE-002/spec.md	REQ-HEV2-016
.moai/specs/SPEC-HARNESS-EVOLVE-002/spec.md	REQ-HEV2-017
.moai/specs/SPEC-HARNESS-EVOLVE-002/spec.md	REQ-HEV2-018
.moai/specs/SPEC-HARNESS-EVOLVE-002/spec.md	REQ-HEV2-019
.moai/specs/SPEC-HARNESS-EVOLVE-002/spec.md	REQ-HEV2-020
.moai/specs/SPEC-HARNESS-EVOLVE-002/spec.md	REQ-HEV2-021
.moai/specs/SPEC-HARNESS-EVOLVE-002/spec.md	REQ-HEV2-022
.moai/specs/SPEC-HARNESS-EVOLVE-002/spec.md	REQ-HEV2-023
.moai/specs/SPEC-HARNESS-EVOLVE-002/spec.md	REQ-HEV2-024
.moai/specs/SPEC-HARNESS-EVOLVE-002/spec.md	REQ-HEV2-025
.moai/specs/SPEC-HARNESS-EVOLVE-002/spec.md	REQ-HEV2-026
.moai/specs/SPEC-HARNESS-EVOLVE-002/spec.md	REQ-HEV2-027
.moai/specs/SPEC-HARNESS-EVOLVE-002/spec.md	REQ-HEV2-028
.moai/specs/SPEC-HARNESS-EVOLVE-002/spec.md	REQ-HEV2-029
.moai/specs/SPEC-HARNESS-EVOLVE-002/spec.md	REQ-HEV2-030
.moai/specs/SPEC-HARNESS-EVOLVE-002/spec.md	REQ-HEV2-031
.moai/specs/SPEC-HARNESS-EVOLVE-002/spec.md	REQ-HEV2-032
.moai/specs/SPEC-HARNESS-EVOLVE-002/spec.md	REQ-HEV2-033
.moai/specs/SPEC-HARNESS-EVOLVE-002/spec.md	REQ-HEV2-034
.moai/specs/SPEC-HARNESS-EVOLVE-002/spec.md	REQ-HEV2-035
.moai/specs/SPEC-HARNESS-EVOLVE-002/spec.md	REQ-HEV2-036
.moai/specs/SPEC-HARNESS-EXECUTE-E2E-001/spec.md	REQ-E2E-001
.moai/specs/SPEC-HARNESS-EXECUTE-E2E-001/spec.md	REQ-E2E-002
.moai/specs/SPEC-HARNESS-EXECUTE-E2E-001/spec.md	REQ-E2E-003
.moai/specs/SPEC-HARNESS-EXECUTE-E2E-001/spec.md	REQ-E2E-004
.moai/specs/SPEC-HARNESS-EXECUTE-E2E-001/spec.md	REQ-E2E-005
.moai/specs/SPEC-HARNESS-EXECUTE-E2E-001/spec.md	REQ-E2E-006
.moai/specs/SPEC-HARNESS-EXECUTE-E2E-001/spec.md	REQ-E2E-007
.moai/specs/SPEC-HARNESS-EXECUTE-E2E-001/spec.md	REQ-E2E-008
.moai/specs/SPEC-HARNESS-EXECUTE-E2E-001/spec.md	REQ-E2E-009
.moai/specs/SPEC-HARNESS-EXECUTE-E2E-001/spec.md	REQ-E2E-010
.moai/specs/SPEC-HARNESS-EXECUTE-E2E-001/spec.md	REQ-E2E-011
.moai/specs/SPEC-HARNESS-LEARNING-EVO-001/spec.md	REQ-HLE-001
.moai/specs/SPEC-HARNESS-LEARNING-EVO-001/spec.md	REQ-HLE-002
.moai/specs/SPEC-HARNESS-LEARNING-EVO-001/spec.md	REQ-HLE-003
.moai/specs/SPEC-HARNESS-LEARNING-EVO-001/spec.md	REQ-HLE-004
.moai/specs/SPEC-HARNESS-LEARNING-EVO-001/spec.md	REQ-HLE-005
.moai/specs/SPEC-HARNESS-LEARNING-EVO-001/spec.md	REQ-HLE-006
.moai/specs/SPEC-HARNESS-LEARNING-EVO-001/spec.md	REQ-HLE-007
.moai/specs/SPEC-HARNESS-LEARNING-EVO-001/spec.md	REQ-HLE-008
.moai/specs/SPEC-HARNESS-LEARNING-EVO-001/spec.md	REQ-HLE-009
.moai/specs/SPEC-HARNESS-LEARNING-EVO-001/spec.md	REQ-HLE-010
.moai/specs/SPEC-HARNESS-LEARNING-EVO-001/spec.md	REQ-HLE-011
.moai/specs/SPEC-HARNESS-LEARNING-EVO-001/spec.md	REQ-HLE-012
.moai/specs/SPEC-HARNESS-LEARNING-EVO-001/spec.md	REQ-HLE-013
.moai/specs/SPEC-HARNESS-LEARNING-EVO-001/spec.md	REQ-HLE-014
.moai/specs/SPEC-HARNESS-LEARNING-EVO-001/spec.md	REQ-HLE-015
.moai/specs/SPEC-HARNESS-LEARNING-EVO-001/spec.md	REQ-HLE-016
.moai/specs/SPEC-HARNESS-LEARNING-EVO-002/spec.md	REQ-HLA-001
.moai/specs/SPEC-HARNESS-LEARNING-EVO-002/spec.md	REQ-HLA-002
.moai/specs/SPEC-HARNESS-LEARNING-EVO-002/spec.md	REQ-HLA-003
.moai/specs/SPEC-HARNESS-LEARNING-EVO-002/spec.md	REQ-HLA-004
.moai/specs/SPEC-HARNESS-LEARNING-EVO-002/spec.md	REQ-HLA-005
.moai/specs/SPEC-HARNESS-LEARNING-EVO-002/spec.md	REQ-HLA-006
.moai/specs/SPEC-HARNESS-LEARNING-EVO-002/spec.md	REQ-HLA-007
.moai/specs/SPEC-HARNESS-LEARNING-EVO-002/spec.md	REQ-HLA-008
.moai/specs/SPEC-HARNESS-LEARNING-EVO-002/spec.md	REQ-HLA-009
.moai/specs/SPEC-HARNESS-LEARNING-EVO-002/spec.md	REQ-HLA-010
.moai/specs/SPEC-HARNESS-LEARNING-EVO-002/spec.md	REQ-HLA-011
.moai/specs/SPEC-HARNESS-LEARNING-EVO-002/spec.md	REQ-HLA-012
.moai/specs/SPEC-HARNESS-LEARNING-EVO-002/spec.md	REQ-HLA-013
.moai/specs/SPEC-HARNESS-LEARNING-EVO-002/spec.md	REQ-HLA-014
.moai/specs/SPEC-HARNESS-LEARNING-EVO-002/spec.md	REQ-HLA-015
.moai/specs/SPEC-HARNESS-LEARNING-EVO-002/spec.md	REQ-HLA-016
.moai/specs/SPEC-HARNESS-MCP-PROVISION-001/spec.md	REQ-HMP-001
.moai/specs/SPEC-HARNESS-MCP-PROVISION-001/spec.md	REQ-HMP-002
.moai/specs/SPEC-HARNESS-MCP-PROVISION-001/spec.md	REQ-HMP-003
.moai/specs/SPEC-HARNESS-MCP-PROVISION-001/spec.md	REQ-HMP-004
.moai/specs/SPEC-HARNESS-MCP-PROVISION-001/spec.md	REQ-HMP-005
.moai/specs/SPEC-HARNESS-MCP-PROVISION-001/spec.md	REQ-HMP-006
.moai/specs/SPEC-HARNESS-MCP-PROVISION-001/spec.md	REQ-HMP-007
.moai/specs/SPEC-HARNESS-MCP-PROVISION-001/spec.md	REQ-HMP-008
.moai/specs/SPEC-HARNESS-MCP-PROVISION-001/spec.md	REQ-HMP-009
.moai/specs/SPEC-HARNESS-MCP-PROVISION-001/spec.md	REQ-HMP-010
.moai/specs/SPEC-HARNESS-MCP-PROVISION-001/spec.md	REQ-HMP-011
.moai/specs/SPEC-HARNESS-OUTCOME-ERRJOIN-001/spec.md	REQ-ERRJOIN-001
.moai/specs/SPEC-HARNESS-OUTCOME-ERRJOIN-001/spec.md	REQ-ERRJOIN-002
.moai/specs/SPEC-HARNESS-OUTCOME-ERRJOIN-001/spec.md	REQ-ERRJOIN-003
.moai/specs/SPEC-HARNESS-OUTCOME-ERRJOIN-001/spec.md	REQ-ERRJOIN-004
.moai/specs/SPEC-HARNESS-OUTCOME-ERRJOIN-001/spec.md	REQ-ERRJOIN-005
.moai/specs/SPEC-HARNESS-VERIFY-PROMOTE-001/spec.md	REQ-HVP-001
.moai/specs/SPEC-HARNESS-VERIFY-PROMOTE-001/spec.md	REQ-HVP-002
.moai/specs/SPEC-HARNESS-VERIFY-PROMOTE-001/spec.md	REQ-HVP-003
.moai/specs/SPEC-HARNESS-VERIFY-PROMOTE-001/spec.md	REQ-HVP-004
.moai/specs/SPEC-HARNESS-VERIFY-PROMOTE-001/spec.md	REQ-HVP-005
.moai/specs/SPEC-HARNESS-VERIFY-PROMOTE-001/spec.md	REQ-HVP-006
.moai/specs/SPEC-HARNESS-VERIFY-PROMOTE-001/spec.md	REQ-HVP-007
.moai/specs/SPEC-HARNESS-VERIFY-PROMOTE-001/spec.md	REQ-HVP-008
.moai/specs/SPEC-HARNESS-VERIFY-PROMOTE-001/spec.md	REQ-HVP-009
.moai/specs/SPEC-HOOK-WIRING-DRIFT-001/spec.md	REQ-HWD-001
.moai/specs/SPEC-HOOK-WIRING-DRIFT-001/spec.md	REQ-HWD-002
.moai/specs/SPEC-HOOK-WIRING-DRIFT-001/spec.md	REQ-HWD-003
.moai/specs/SPEC-HOOK-WIRING-DRIFT-001/spec.md	REQ-HWD-004
.moai/specs/SPEC-HOOK-WIRING-DRIFT-001/spec.md	REQ-HWD-005
.moai/specs/SPEC-HOOK-WIRING-DRIFT-001/spec.md	REQ-HWD-006
.moai/specs/SPEC-HOOK-WIRING-DRIFT-001/spec.md	REQ-HWD-007
.moai/specs/SPEC-HOOK-WIRING-DRIFT-001/spec.md	REQ-HWD-008
.moai/specs/SPEC-HOOK-WIRING-DRIFT-001/spec.md	REQ-HWD-009
.moai/specs/SPEC-HOOK-WIRING-DRIFT-001/spec.md	REQ-HWD-010
.moai/specs/SPEC-HOOK-WIRING-DRIFT-001/spec.md	REQ-HWD-011
.moai/specs/SPEC-HOOK-WIRING-DRIFT-001/spec.md	REQ-HWD-012
.moai/specs/SPEC-HOOK-WIRING-DRIFT-001/spec.md	REQ-HWD-013
.moai/specs/SPEC-HOOK-WIRING-DRIFT-001/spec.md	REQ-HWD-014
.moai/specs/SPEC-HUMANIZE-002/spec.md	REQ-H2-001
.moai/specs/SPEC-HUMANIZE-002/spec.md	REQ-H2-002
.moai/specs/SPEC-HUMANIZE-002/spec.md	REQ-H2-003
.moai/specs/SPEC-HUMANIZE-002/spec.md	REQ-H2-004
.moai/specs/SPEC-HUMANIZE-002/spec.md	REQ-H2-006
.moai/specs/SPEC-HUMANIZE-002/spec.md	REQ-H2-007
.moai/specs/SPEC-HUMANIZE-002/spec.md	REQ-H2-008
.moai/specs/SPEC-HUMANIZE-002/spec.md	REQ-H2-009
.moai/specs/SPEC-HUMANIZE-002/spec.md	REQ-H2-010
.moai/specs/SPEC-HUMANIZE-002/spec.md	REQ-H2-011
.moai/specs/SPEC-HUMANIZE-002/spec.md	REQ-H2-013
.moai/specs/SPEC-HUMANIZE-002/spec.md	REQ-H2-014
.moai/specs/SPEC-HUMANIZE-002/spec.md	REQ-H2-015
.moai/specs/SPEC-HUMANIZE-002/spec.md	REQ-H2-016
.moai/specs/SPEC-HUMANIZE-002/spec.md	REQ-H2-017
.moai/specs/SPEC-HUMANIZE-002/spec.md	REQ-H2-018
.moai/specs/SPEC-HUMANIZE-002/spec.md	REQ-H2-019
.moai/specs/SPEC-HUMANIZE-002/spec.md	REQ-H2-020
.moai/specs/SPEC-HUMANIZE-002/spec.md	REQ-H2-021
.moai/specs/SPEC-HUMANIZE-002/spec.md	REQ-H2-022
.moai/specs/SPEC-HUMANIZE-002/spec.md	REQ-H2-023
.moai/specs/SPEC-INBOX-DRAIN-GAP-001/spec.md	REQ-IBX-001
.moai/specs/SPEC-INBOX-DRAIN-GAP-001/spec.md	REQ-IBX-002
.moai/specs/SPEC-INBOX-DRAIN-GAP-001/spec.md	REQ-IBX-003
.moai/specs/SPEC-INBOX-DRAIN-GAP-001/spec.md	REQ-IBX-004
.moai/specs/SPEC-INBOX-DRAIN-GAP-001/spec.md	REQ-IBX-005
.moai/specs/SPEC-INBOX-DRAIN-GAP-001/spec.md	REQ-IBX-006
.moai/specs/SPEC-INBOX-DRAIN-GAP-001/spec.md	REQ-IBX-007
.moai/specs/SPEC-INBOX-DRAIN-GAP-001/spec.md	REQ-IBX-008
.moai/specs/SPEC-INBOX-DRAIN-GAP-001/spec.md	REQ-IBX-009
.moai/specs/SPEC-INBOX-DRAIN-GAP-001/spec.md	REQ-IBX-010
.moai/specs/SPEC-INIT-HARNESS-PROMPT-001/spec.md	REQ-IHP-001
.moai/specs/SPEC-INIT-HARNESS-PROMPT-001/spec.md	REQ-IHP-002
.moai/specs/SPEC-INIT-HARNESS-PROMPT-001/spec.md	REQ-IHP-003
.moai/specs/SPEC-INIT-HARNESS-PROMPT-001/spec.md	REQ-IHP-004
.moai/specs/SPEC-INIT-HARNESS-PROMPT-001/spec.md	REQ-IHP-005
.moai/specs/SPEC-INIT-HARNESS-PROMPT-001/spec.md	REQ-IHP-006
.moai/specs/SPEC-INIT-HARNESS-PROMPT-001/spec.md	REQ-IHP-007
.moai/specs/SPEC-INIT-HARNESS-PROMPT-001/spec.md	REQ-IHP-008
.moai/specs/SPEC-INIT-HARNESS-PROMPT-001/spec.md	REQ-IHP-009
.moai/specs/SPEC-INIT-HARNESS-PROMPT-001/spec.md	REQ-IHP-010
.moai/specs/SPEC-INIT-HARNESS-PROMPT-001/spec.md	REQ-IHP-011
.moai/specs/SPEC-INTEGRATION-LOCK-ATOMIC-001/spec.md	REQ-ILA-001
.moai/specs/SPEC-INTEGRATION-LOCK-ATOMIC-001/spec.md	REQ-ILA-002
.moai/specs/SPEC-INTEGRATION-LOCK-ATOMIC-001/spec.md	REQ-ILA-003
.moai/specs/SPEC-INTEGRATION-LOCK-ATOMIC-001/spec.md	REQ-ILA-004
.moai/specs/SPEC-INTEGRATION-LOCK-ATOMIC-001/spec.md	REQ-ILA-005
.moai/specs/SPEC-INTEGRATION-LOCK-ATOMIC-001/spec.md	REQ-ILA-006
.moai/specs/SPEC-INTEGRATION-LOCK-ATOMIC-001/spec.md	REQ-ILA-007
.moai/specs/SPEC-INTEGRATION-LOCK-ATOMIC-001/spec.md	REQ-ILA-008
.moai/specs/SPEC-INTEGRATION-LOCK-ATOMIC-001/spec.md	REQ-ILA-009
.moai/specs/SPEC-INTEGRATION-LOCK-ATOMIC-001/spec.md	REQ-ILA-010
.moai/specs/SPEC-INTEGRATION-LOCK-LIVENESS-001/spec.md	REQ-INL-001
.moai/specs/SPEC-INTEGRATION-LOCK-LIVENESS-001/spec.md	REQ-INL-002
.moai/specs/SPEC-INTEGRATION-LOCK-LIVENESS-001/spec.md	REQ-INL-003
.moai/specs/SPEC-INTEGRATION-LOCK-LIVENESS-001/spec.md	REQ-INL-004
.moai/specs/SPEC-INTEGRATION-LOCK-LIVENESS-001/spec.md	REQ-INL-005
.moai/specs/SPEC-INTEGRATION-LOCK-LIVENESS-001/spec.md	REQ-INL-006
.moai/specs/SPEC-INTEGRATION-LOCK-LIVENESS-001/spec.md	REQ-INL-007
.moai/specs/SPEC-INTEGRATION-LOCK-LIVENESS-001/spec.md	REQ-INL-008
.moai/specs/SPEC-INTEGRATION-LOCK-LIVENESS-001/spec.md	REQ-INL-009
.moai/specs/SPEC-INTEGRATION-LOCK-LIVENESS-001/spec.md	REQ-INL-010
.moai/specs/SPEC-INTERNAL-TEST-004/spec.md	REQ-GOLD-001
.moai/specs/SPEC-INTERNAL-TEST-004/spec.md	REQ-GREEN-001
.moai/specs/SPEC-INTERNAL-TEST-004/spec.md	REQ-VER-001
.moai/specs/SPEC-KANBAN-RECORD-SESSION-KEY-001/spec.md	REQ-KRS-001
.moai/specs/SPEC-KANBAN-RECORD-SESSION-KEY-001/spec.md	REQ-KRS-002
.moai/specs/SPEC-KANBAN-RECORD-SESSION-KEY-001/spec.md	REQ-KRS-003
.moai/specs/SPEC-KANBAN-RECORD-SESSION-KEY-001/spec.md	REQ-KRS-004
.moai/specs/SPEC-KANBAN-RECORD-SESSION-KEY-001/spec.md	REQ-KRS-005
.moai/specs/SPEC-KANBAN-RECORD-SESSION-KEY-001/spec.md	REQ-KRS-006
.moai/specs/SPEC-KANBAN-RECORD-SESSION-KEY-001/spec.md	REQ-KRS-007
.moai/specs/SPEC-KANBAN-RECORD-SESSION-KEY-001/spec.md	REQ-KRS-008
.moai/specs/SPEC-LOOP-SWEEP-001/spec.md	REQ-LSW-001
.moai/specs/SPEC-LOOP-SWEEP-001/spec.md	REQ-LSW-002
.moai/specs/SPEC-LOOP-SWEEP-001/spec.md	REQ-LSW-003
.moai/specs/SPEC-LOOP-SWEEP-001/spec.md	REQ-LSW-004
.moai/specs/SPEC-LOOP-SWEEP-001/spec.md	REQ-LSW-005
.moai/specs/SPEC-LOOP-SWEEP-001/spec.md	REQ-LSW-006
.moai/specs/SPEC-LOOP-SWEEP-001/spec.md	REQ-LSW-007
.moai/specs/SPEC-LOOP-SWEEP-001/spec.md	REQ-LSW-008
.moai/specs/SPEC-LOOP-SWEEP-001/spec.md	REQ-LSW-009
.moai/specs/SPEC-LOOP-SWEEP-001/spec.md	REQ-LSW-010
.moai/specs/SPEC-LOOP-SWEEP-001/spec.md	REQ-LSW-011
.moai/specs/SPEC-LOOP-SWEEP-001/spec.md	REQ-LSW-012
.moai/specs/SPEC-LOOP-SWEEP-001/spec.md	REQ-LSW-013
.moai/specs/SPEC-LOOP-SWEEP-001/spec.md	REQ-LSW-014
.moai/specs/SPEC-LSEL-DRAIN-STALL-001/spec.md	REQ-LDS-001
.moai/specs/SPEC-LSEL-DRAIN-STALL-001/spec.md	REQ-LDS-002
.moai/specs/SPEC-LSEL-DRAIN-STALL-001/spec.md	REQ-LDS-003
.moai/specs/SPEC-LSEL-DRAIN-STALL-001/spec.md	REQ-LDS-004
.moai/specs/SPEC-LSEL-DRAIN-STALL-001/spec.md	REQ-LDS-005
.moai/specs/SPEC-LSEL-DRAIN-STALL-001/spec.md	REQ-LDS-006
.moai/specs/SPEC-LSEL-DRAIN-STALL-001/spec.md	REQ-LDS-007
.moai/specs/SPEC-LSEL-DRAIN-STALL-001/spec.md	REQ-LDS-009
.moai/specs/SPEC-LSEL-DRAIN-STALL-001/spec.md	REQ-LDS-010
.moai/specs/SPEC-MERGE-METHOD-CONFIG-001/spec.md	REQ-MMC-001
.moai/specs/SPEC-MERGE-METHOD-CONFIG-001/spec.md	REQ-MMC-002
.moai/specs/SPEC-MERGE-METHOD-CONFIG-001/spec.md	REQ-MMC-003
.moai/specs/SPEC-MERGE-METHOD-CONFIG-001/spec.md	REQ-MMC-004
.moai/specs/SPEC-MERGE-METHOD-CONFIG-001/spec.md	REQ-MMC-005
.moai/specs/SPEC-MERGE-METHOD-CONFIG-001/spec.md	REQ-MMC-006
.moai/specs/SPEC-MERGE-METHOD-CONFIG-001/spec.md	REQ-MMC-007
.moai/specs/SPEC-MERGE-METHOD-CONFIG-001/spec.md	REQ-MMC-009
.moai/specs/SPEC-MERGE-METHOD-CONFIG-001/spec.md	REQ-MMC-010
.moai/specs/SPEC-MERGE-METHOD-CONFIG-001/spec.md	REQ-MMC-012
.moai/specs/SPEC-PRECOMMIT-001/spec.md	REQ-PC-001
.moai/specs/SPEC-PRECOMMIT-001/spec.md	REQ-PC-002
.moai/specs/SPEC-PRECOMMIT-001/spec.md	REQ-PC-003
.moai/specs/SPEC-PRECOMMIT-001/spec.md	REQ-PC-004
.moai/specs/SPEC-PRECOMMIT-001/spec.md	REQ-PC-005
.moai/specs/SPEC-PRECOMMIT-001/spec.md	REQ-PC-006
.moai/specs/SPEC-PRECOMMIT-001/spec.md	REQ-PC-007
.moai/specs/SPEC-PRECOMMIT-001/spec.md	REQ-PC-008
.moai/specs/SPEC-PRECOMMIT-001/spec.md	REQ-PC-009
.moai/specs/SPEC-PRECOMMIT-001/spec.md	REQ-PC-012
.moai/specs/SPEC-PRECOMMIT-001/spec.md	REQ-PC-013
.moai/specs/SPEC-PRECOMMIT-001/spec.md	REQ-PC-014
.moai/specs/SPEC-PRECOMMIT-001/spec.md	REQ-PC-015
.moai/specs/SPEC-PRECOMMIT-001/spec.md	REQ-PC-016
.moai/specs/SPEC-PRECOMMIT-001/spec.md	REQ-PC-017
.moai/specs/SPEC-PRECOMMIT-001/spec.md	REQ-PC-018
.moai/specs/SPEC-PRECOMMIT-001/spec.md	REQ-PC-019
.moai/specs/SPEC-PREEDIT-PARALLEL-SESSION-GUARD-001/spec.md	REQ-PES-001
.moai/specs/SPEC-PREEDIT-PARALLEL-SESSION-GUARD-001/spec.md	REQ-PES-002
.moai/specs/SPEC-PREEDIT-PARALLEL-SESSION-GUARD-001/spec.md	REQ-PES-003
.moai/specs/SPEC-PREEDIT-PARALLEL-SESSION-GUARD-001/spec.md	REQ-PES-004
.moai/specs/SPEC-PREEDIT-PARALLEL-SESSION-GUARD-001/spec.md	REQ-PES-005
.moai/specs/SPEC-PRETOOL-GATE-MOVE-001/spec.md	REQ-PGM-001
.moai/specs/SPEC-PRETOOL-GATE-MOVE-001/spec.md	REQ-PGM-002
.moai/specs/SPEC-PRETOOL-GATE-MOVE-001/spec.md	REQ-PGM-004
.moai/specs/SPEC-PRETOOL-GATE-MOVE-001/spec.md	REQ-PGM-005
.moai/specs/SPEC-PRETOOL-GATE-MOVE-001/spec.md	REQ-PGM-006
.moai/specs/SPEC-PRETOOL-GATE-MOVE-001/spec.md	REQ-PGM-007
.moai/specs/SPEC-PRETOOL-GATE-MOVE-001/spec.md	REQ-PGM-008
.moai/specs/SPEC-PRETOOL-GATE-MOVE-001/spec.md	REQ-PGM-009
.moai/specs/SPEC-PRETOOL-GATE-MOVE-001/spec.md	REQ-PGM-010
.moai/specs/SPEC-PRETOOL-GATE-MOVE-001/spec.md	REQ-PGM-011
.moai/specs/SPEC-PROFILE-MEMORY-001/spec.md	REQ-PM-001
.moai/specs/SPEC-PROFILE-MEMORY-001/spec.md	REQ-PM-002
.moai/specs/SPEC-PROFILE-MEMORY-001/spec.md	REQ-PM-003
.moai/specs/SPEC-PROFILE-MEMORY-001/spec.md	REQ-PM-004
.moai/specs/SPEC-PROFILE-MEMORY-001/spec.md	REQ-PM-005
.moai/specs/SPEC-PROFILE-MEMORY-001/spec.md	REQ-PM-006
.moai/specs/SPEC-PROFILE-MEMORY-001/spec.md	REQ-PM-007
.moai/specs/SPEC-PROFILE-MEMORY-001/spec.md	REQ-PM-008
.moai/specs/SPEC-PROFILE-MEMORY-001/spec.md	REQ-PM-009
.moai/specs/SPEC-PROFILE-MEMORY-001/spec.md	REQ-PM-010
.moai/specs/SPEC-PROFILE-MEMORY-001/spec.md	REQ-PM-011
.moai/specs/SPEC-PROFILE-MEMORY-001/spec.md	REQ-PM-012
.moai/specs/SPEC-PROFILE-MEMORY-001/spec.md	REQ-PM-013
.moai/specs/SPEC-PROFILE-MEMORY-001/spec.md	REQ-PM-014
.moai/specs/SPEC-PROFILE-MEMORY-001/spec.md	REQ-PM-015
.moai/specs/SPEC-PROFILE-MEMORY-001/spec.md	REQ-PM-016
.moai/specs/SPEC-PROFILE-MEMORY-001/spec.md	REQ-PM-017
.moai/specs/SPEC-PROFILE-MEMORY-001/spec.md	REQ-PM-019
.moai/specs/SPEC-PROFILE-MEMORY-001/spec.md	REQ-PM-020
.moai/specs/SPEC-PROFILE-MEMORY-001/spec.md	REQ-PM-021
.moai/specs/SPEC-PROFILE-MEMORY-001/spec.md	REQ-PM-022
.moai/specs/SPEC-PROFILE-MEMORY-001/spec.md	REQ-PM-023
.moai/specs/SPEC-PROFILE-MEMORY-001/spec.md	REQ-PM-024
.moai/specs/SPEC-PROGRESS-MARKER-CANON-001/spec.md	REQ-PMC-001
.moai/specs/SPEC-PROGRESS-MARKER-CANON-001/spec.md	REQ-PMC-002
.moai/specs/SPEC-PROGRESS-MARKER-CANON-001/spec.md	REQ-PMC-003
.moai/specs/SPEC-PROGRESS-MARKER-CANON-001/spec.md	REQ-PMC-004
.moai/specs/SPEC-PROGRESS-MARKER-CANON-001/spec.md	REQ-PMC-005
.moai/specs/SPEC-PROGRESS-MARKER-CANON-001/spec.md	REQ-PMC-006
.moai/specs/SPEC-PROGRESS-MARKER-CANON-001/spec.md	REQ-PMC-007
.moai/specs/SPEC-PROGRESS-MARKER-CANON-001/spec.md	REQ-PMC-008
.moai/specs/SPEC-PROGRESS-MARKER-CANON-001/spec.md	REQ-PMC-009
.moai/specs/SPEC-PROGRESS-MARKER-CANON-001/spec.md	REQ-PMC-010
.moai/specs/SPEC-PROGRESS-MARKER-CANON-001/spec.md	REQ-PMC-011
.moai/specs/SPEC-PROGRESS-MARKER-CANON-001/spec.md	REQ-PMC-012
.moai/specs/SPEC-PROJECT-CONTINUATION-KEY-001/spec.md	REQ-PCK-001
.moai/specs/SPEC-PROJECT-CONTINUATION-KEY-001/spec.md	REQ-PCK-002
.moai/specs/SPEC-PROJECT-CONTINUATION-KEY-001/spec.md	REQ-PCK-003
.moai/specs/SPEC-PROJECT-CONTINUATION-KEY-001/spec.md	REQ-PCK-004
.moai/specs/SPEC-PROJECT-CONTINUATION-KEY-001/spec.md	REQ-PCK-005
.moai/specs/SPEC-PROJECT-CONTINUATION-KEY-001/spec.md	REQ-PCK-006
.moai/specs/SPEC-PROJECT-CONTINUATION-KEY-001/spec.md	REQ-PCK-007
.moai/specs/SPEC-PROJECT-CONTINUATION-KEY-001/spec.md	REQ-PCK-008
.moai/specs/SPEC-PROJECT-CONTINUATION-KEY-001/spec.md	REQ-PCK-009
.moai/specs/SPEC-PROJECT-CONTINUATION-KEY-001/spec.md	REQ-PCK-010
.moai/specs/SPEC-PROJECT-CONTINUATION-KEY-001/spec.md	REQ-PCK-011
.moai/specs/SPEC-PROJECT-CONTINUATION-KEY-001/spec.md	REQ-PCK-012
.moai/specs/SPEC-PROJECT-HARNESS-BRIDGE-001/spec.md	REQ-PHB-001
.moai/specs/SPEC-PROJECT-HARNESS-BRIDGE-001/spec.md	REQ-PHB-002
.moai/specs/SPEC-PROJECT-HARNESS-BRIDGE-001/spec.md	REQ-PHB-003
.moai/specs/SPEC-PROJECT-HARNESS-BRIDGE-001/spec.md	REQ-PHB-004
.moai/specs/SPEC-PROJECT-HARNESS-BRIDGE-001/spec.md	REQ-PHB-005
.moai/specs/SPEC-PROJECT-HARNESS-BRIDGE-001/spec.md	REQ-PHB-006
.moai/specs/SPEC-PROJECT-HARNESS-BRIDGE-001/spec.md	REQ-PHB-007
.moai/specs/SPEC-PROJECT-HARNESS-BRIDGE-001/spec.md	REQ-PHB-008
.moai/specs/SPEC-PROJECT-HARNESS-BRIDGE-001/spec.md	REQ-PHB-010
.moai/specs/SPEC-PROJECT-HARNESS-BRIDGE-001/spec.md	REQ-PHB-011
.moai/specs/SPEC-PROJECT-HARNESS-BRIDGE-001/spec.md	REQ-PHB-012
.moai/specs/SPEC-PROJECT-HARNESS-BRIDGE-001/spec.md	REQ-PHB-013
.moai/specs/SPEC-PROJECT-HARNESS-BRIDGE-001/spec.md	REQ-PHB-015
.moai/specs/SPEC-PROJECT-HARNESS-BRIDGE-001/spec.md	REQ-PHB-016
.moai/specs/SPEC-PROJECT-HARNESS-BRIDGE-001/spec.md	REQ-PHB-018
.moai/specs/SPEC-PROJECT-HARNESS-BRIDGE-001/spec.md	REQ-PHB-019
.moai/specs/SPEC-REF-SEO-ABSORB-001/spec.md	REQ-SEO-001
.moai/specs/SPEC-REF-SEO-ABSORB-001/spec.md	REQ-SEO-002
.moai/specs/SPEC-REF-SEO-ABSORB-001/spec.md	REQ-SEO-003
.moai/specs/SPEC-REF-SEO-ABSORB-001/spec.md	REQ-SEO-004
.moai/specs/SPEC-REF-SEO-ABSORB-001/spec.md	REQ-SEO-005
.moai/specs/SPEC-REF-SEO-ABSORB-001/spec.md	REQ-SEO-006
.moai/specs/SPEC-REF-SEO-ABSORB-001/spec.md	REQ-SEO-007
.moai/specs/SPEC-REF-SEO-ABSORB-001/spec.md	REQ-SEO-008
.moai/specs/SPEC-REF-SEO-ABSORB-001/spec.md	REQ-SEO-009
.moai/specs/SPEC-REF-SEO-ABSORB-001/spec.md	REQ-SEO-011
.moai/specs/SPEC-REF-SEO-ABSORB-001/spec.md	REQ-SEO-012
.moai/specs/SPEC-REF-SEO-ABSORB-001/spec.md	REQ-SEO-013
.moai/specs/SPEC-REF-SEO-ABSORB-001/spec.md	REQ-SEO-014
.moai/specs/SPEC-REF-SEO-ABSORB-001/spec.md	REQ-SEO-015
.moai/specs/SPEC-REF-SEO-ABSORB-001/spec.md	REQ-SEO-020
.moai/specs/SPEC-REF-SEO-ABSORB-001/spec.md	REQ-SEO-021
.moai/specs/SPEC-REF-SEO-ABSORB-001/spec.md	REQ-SEO-022
.moai/specs/SPEC-REF-SEO-ABSORB-001/spec.md	REQ-SEO-023
.moai/specs/SPEC-REF-SEO-ABSORB-001/spec.md	REQ-SEO-024
.moai/specs/SPEC-REF-SEO-ABSORB-001/spec.md	REQ-SEO-025
.moai/specs/SPEC-REF-SEO-ABSORB-001/spec.md	REQ-SEO-027
.moai/specs/SPEC-REMOVAL-GUARD-EXTRAS-001/spec.md	REQ-RGE-001
.moai/specs/SPEC-REMOVAL-GUARD-EXTRAS-001/spec.md	REQ-RGE-002
.moai/specs/SPEC-REMOVAL-GUARD-EXTRAS-001/spec.md	REQ-RGE-003
.moai/specs/SPEC-REMOVAL-GUARD-EXTRAS-001/spec.md	REQ-RGE-004
.moai/specs/SPEC-REMOVAL-GUARD-EXTRAS-001/spec.md	REQ-RGE-005
.moai/specs/SPEC-REMOVAL-GUARD-EXTRAS-001/spec.md	REQ-RGE-006
.moai/specs/SPEC-REMOVAL-GUARD-EXTRAS-001/spec.md	REQ-RGE-007
.moai/specs/SPEC-REMOVAL-GUARD-EXTRAS-001/spec.md	REQ-RGE-008
.moai/specs/SPEC-REMOVAL-GUARD-EXTRAS-001/spec.md	REQ-RGE-009
.moai/specs/SPEC-REMOVAL-GUARD-EXTRAS-001/spec.md	REQ-RGE-010
.moai/specs/SPEC-RULE-DIET-002/spec.md	REQ-RD2-001
.moai/specs/SPEC-RULE-DIET-002/spec.md	REQ-RD2-004
.moai/specs/SPEC-RULE-DIET-002/spec.md	REQ-RD2-005
.moai/specs/SPEC-RULE-DIET-002/spec.md	REQ-RD2-006
.moai/specs/SPEC-RULE-DIET-002/spec.md	REQ-RD2-007
.moai/specs/SPEC-RULE-DIET-002/spec.md	REQ-RD2-008
.moai/specs/SPEC-RULE-DIET-002/spec.md	REQ-RD2-009
.moai/specs/SPEC-RULE-DIET-002/spec.md	REQ-RD2-010
.moai/specs/SPEC-RULE-DIET-002/spec.md	REQ-RD2-011
.moai/specs/SPEC-SEC-HARDEN-003/spec.md	REQ-SEC3-001
.moai/specs/SPEC-SEC-HARDEN-003/spec.md	REQ-SEC3-003
.moai/specs/SPEC-SEC-HARDEN-003/spec.md	REQ-SEC3-004
.moai/specs/SPEC-SEC-HARDEN-003/spec.md	REQ-SEC3-005
.moai/specs/SPEC-SEC-HARDEN-003/spec.md	REQ-SEC3-006
.moai/specs/SPEC-SEC-HARDEN-003/spec.md	REQ-SEC3-007
.moai/specs/SPEC-SEC-HARDEN-003/spec.md	REQ-SEC3-008
.moai/specs/SPEC-SEC-HARDEN-003/spec.md	REQ-SEC3-009
.moai/specs/SPEC-SEC-HARDEN-004/spec.md	REQ-SEC4-001
.moai/specs/SPEC-SEC-HARDEN-004/spec.md	REQ-SEC4-002
.moai/specs/SPEC-SEC-HARDEN-004/spec.md	REQ-SEC4-003
.moai/specs/SPEC-SEC-HARDEN-004/spec.md	REQ-SEC4-004
.moai/specs/SPEC-SEC-HARDEN-004/spec.md	REQ-SEC4-005
.moai/specs/SPEC-SEC-HARDEN-004/spec.md	REQ-SEC4-006
.moai/specs/SPEC-SEC-HARDEN-004/spec.md	REQ-SEC4-007
.moai/specs/SPEC-SEC-HARDEN-004/spec.md	REQ-SEC4-008
.moai/specs/SPEC-SEC-HARDEN-005/spec.md	REQ-SEC5-001
.moai/specs/SPEC-SEC-HARDEN-005/spec.md	REQ-SEC5-002
.moai/specs/SPEC-SEC-HARDEN-005/spec.md	REQ-SEC5-003
.moai/specs/SPEC-SEC-HARDEN-005/spec.md	REQ-SEC5-004
.moai/specs/SPEC-SEC-HARDEN-005/spec.md	REQ-SEC5-005
.moai/specs/SPEC-SEC-HARDEN-005/spec.md	REQ-SEC5-006
.moai/specs/SPEC-SEC-HARDEN-005/spec.md	REQ-SEC5-007
.moai/specs/SPEC-SEC-HARDEN-005/spec.md	REQ-SEC5-008
.moai/specs/SPEC-SEC-HARDEN-005/spec.md	REQ-SEC5-009
.moai/specs/SPEC-SEC-HARDEN-005/spec.md	REQ-SEC5-010
.moai/specs/SPEC-SEC-HARDEN-005/spec.md	REQ-SEC5-011
.moai/specs/SPEC-SESSION-TELEMETRY-001/spec.md	REQ-ST-001
.moai/specs/SPEC-SESSION-TELEMETRY-001/spec.md	REQ-ST-002
.moai/specs/SPEC-SESSION-TELEMETRY-001/spec.md	REQ-ST-003
.moai/specs/SPEC-SESSION-TELEMETRY-001/spec.md	REQ-ST-004
.moai/specs/SPEC-SESSION-TELEMETRY-001/spec.md	REQ-ST-005
.moai/specs/SPEC-SESSION-TELEMETRY-001/spec.md	REQ-ST-006
.moai/specs/SPEC-SESSION-TELEMETRY-001/spec.md	REQ-ST-007
.moai/specs/SPEC-SESSION-TELEMETRY-001/spec.md	REQ-ST-008
.moai/specs/SPEC-SESSION-TELEMETRY-001/spec.md	REQ-ST-009
.moai/specs/SPEC-SKILLPORT-CLAIM-CHECK-001/spec.md	REQ-DCC-001
.moai/specs/SPEC-SKILLPORT-CLAIM-CHECK-001/spec.md	REQ-DCC-002
.moai/specs/SPEC-SKILLPORT-CLAIM-CHECK-001/spec.md	REQ-DCC-003
.moai/specs/SPEC-SKILLPORT-CLAIM-CHECK-001/spec.md	REQ-DCC-004
.moai/specs/SPEC-SKILLPORT-CLAIM-CHECK-001/spec.md	REQ-DCC-005
.moai/specs/SPEC-SKILLPORT-CLAIM-CHECK-001/spec.md	REQ-DCC-006
.moai/specs/SPEC-SKILLPORT-CLAIM-CHECK-001/spec.md	REQ-DCC-007
.moai/specs/SPEC-SKILLPORT-CLAIM-CHECK-001/spec.md	REQ-DCC-008
.moai/specs/SPEC-SKILLPORT-CLAIM-CHECK-001/spec.md	REQ-DCC-009
.moai/specs/SPEC-SKILLPORT-CLAIM-CHECK-001/spec.md	REQ-DCC-010
.moai/specs/SPEC-SKILLPORT-CLAIM-CHECK-001/spec.md	REQ-DCC-011
.moai/specs/SPEC-SKILLPORT-CLAIM-CHECK-001/spec.md	REQ-DCC-012
.moai/specs/SPEC-SKILLPORT-CLAIM-CHECK-001/spec.md	REQ-DCC-013
.moai/specs/SPEC-SKILLPORT-CLAIM-CHECK-001/spec.md	REQ-DCC-014
.moai/specs/SPEC-SKILLPORT-CLAIM-CHECK-001/spec.md	REQ-DCC-015
.moai/specs/SPEC-SKILLPORT-CLAIM-CHECK-001/spec.md	REQ-DCC-016
.moai/specs/SPEC-SKILLPORT-CLAIM-CHECK-001/spec.md	REQ-DCC-017
.moai/specs/SPEC-SKILLPORT-HUMANIZE-LEDGER-001/spec.md	REQ-HML-001
.moai/specs/SPEC-SKILLPORT-HUMANIZE-LEDGER-001/spec.md	REQ-HML-002
.moai/specs/SPEC-SKILLPORT-HUMANIZE-LEDGER-001/spec.md	REQ-HML-003
.moai/specs/SPEC-SKILLPORT-HUMANIZE-LEDGER-001/spec.md	REQ-HML-004
.moai/specs/SPEC-SKILLPORT-HUMANIZE-LEDGER-001/spec.md	REQ-HML-005
.moai/specs/SPEC-SKILLPORT-HUMANIZE-LEDGER-001/spec.md	REQ-HML-006
.moai/specs/SPEC-SKILLPORT-HUMANIZE-LEDGER-001/spec.md	REQ-HML-007
.moai/specs/SPEC-SKILLPORT-HUMANIZE-LEDGER-001/spec.md	REQ-HML-008
.moai/specs/SPEC-SKILLPORT-HUMANIZE-LEDGER-001/spec.md	REQ-HML-009
.moai/specs/SPEC-SKILLPORT-HUMANIZE-LEDGER-001/spec.md	REQ-HML-010
.moai/specs/SPEC-SKILLPORT-HUMANIZE-LEDGER-001/spec.md	REQ-HML-011
.moai/specs/SPEC-SKILLPORT-HUMANIZE-LEDGER-001/spec.md	REQ-HML-012
.moai/specs/SPEC-SKILLPORT-HUMANIZE-LEDGER-001/spec.md	REQ-HML-013
.moai/specs/SPEC-SKILLPORT-HUMANIZE-LEDGER-001/spec.md	REQ-HML-014
.moai/specs/SPEC-SKILLPORT-HUMANIZE-LEDGER-001/spec.md	REQ-HML-015
.moai/specs/SPEC-SKILLPORT-HUMANIZE-LEDGER-001/spec.md	REQ-HML-016
.moai/specs/SPEC-SKILLPORT-HUMANIZE-LEDGER-001/spec.md	REQ-HML-017
.moai/specs/SPEC-SKILLPORT-SVG-INFOGRAPHIC-001/spec.md	REQ-SVG-001
.moai/specs/SPEC-SKILLPORT-SVG-INFOGRAPHIC-001/spec.md	REQ-SVG-002
.moai/specs/SPEC-SKILLPORT-SVG-INFOGRAPHIC-001/spec.md	REQ-SVG-003
.moai/specs/SPEC-SKILLPORT-SVG-INFOGRAPHIC-001/spec.md	REQ-SVG-004
.moai/specs/SPEC-SKILLPORT-SVG-INFOGRAPHIC-001/spec.md	REQ-SVG-005
.moai/specs/SPEC-SKILLPORT-SVG-INFOGRAPHIC-001/spec.md	REQ-SVG-006
.moai/specs/SPEC-SKILLPORT-SVG-INFOGRAPHIC-001/spec.md	REQ-SVG-007
.moai/specs/SPEC-SKILLPORT-SVG-INFOGRAPHIC-001/spec.md	REQ-SVG-008
.moai/specs/SPEC-SKILLPORT-SVG-INFOGRAPHIC-001/spec.md	REQ-SVG-009
.moai/specs/SPEC-SKILLPORT-SVG-INFOGRAPHIC-001/spec.md	REQ-SVG-010
.moai/specs/SPEC-SKILLPORT-SVG-INFOGRAPHIC-001/spec.md	REQ-SVG-011
.moai/specs/SPEC-SKILLPORT-SVG-INFOGRAPHIC-001/spec.md	REQ-SVG-012
.moai/specs/SPEC-SKILLPORT-SVG-INFOGRAPHIC-001/spec.md	REQ-SVG-013
.moai/specs/SPEC-SKILLPORT-SVG-INFOGRAPHIC-001/spec.md	REQ-SVG-014
.moai/specs/SPEC-SKILLPORT-SVG-INFOGRAPHIC-001/spec.md	REQ-SVG-015
.moai/specs/SPEC-SKILLPORT-SVG-INFOGRAPHIC-001/spec.md	REQ-SVG-016
.moai/specs/SPEC-SKILLPORT-SVG-INFOGRAPHIC-001/spec.md	REQ-SVG-017
.moai/specs/SPEC-SPEC-LINT-BLIND-AXES-001/spec.md	REQ-SLB-001
.moai/specs/SPEC-SPEC-LINT-BLIND-AXES-001/spec.md	REQ-SLB-002
.moai/specs/SPEC-SPEC-LINT-BLIND-AXES-001/spec.md	REQ-SLB-003
.moai/specs/SPEC-SPEC-LINT-BLIND-AXES-001/spec.md	REQ-SLB-004
.moai/specs/SPEC-SPEC-LINT-BLIND-AXES-001/spec.md	REQ-SLB-005
.moai/specs/SPEC-SPEC-LINT-BLIND-AXES-001/spec.md	REQ-SLB-006
.moai/specs/SPEC-SPEC-LINT-BLIND-AXES-001/spec.md	REQ-SLB-007
.moai/specs/SPEC-SPEC-LINT-BLIND-AXES-001/spec.md	REQ-SLB-008
.moai/specs/SPEC-SPEC-LINT-BLIND-AXES-001/spec.md	REQ-SLB-009
.moai/specs/SPEC-SPEC-LINT-BLIND-AXES-001/spec.md	REQ-SLB-010
.moai/specs/SPEC-SPEC-LINT-BLIND-AXES-001/spec.md	REQ-SLB-012
.moai/specs/SPEC-SPEC-LINT-BLIND-AXES-001/spec.md	REQ-SLB-013
.moai/specs/SPEC-SPEC-LINT-BLIND-AXES-001/spec.md	REQ-SLB-014
.moai/specs/SPEC-SPEC-LINT-ID-ARG-001/spec.md	REQ-SLI-001
.moai/specs/SPEC-SPEC-LINT-ID-ARG-001/spec.md	REQ-SLI-002
.moai/specs/SPEC-SPEC-LINT-ID-ARG-001/spec.md	REQ-SLI-003
.moai/specs/SPEC-SPEC-LINT-ID-ARG-001/spec.md	REQ-SLI-004
.moai/specs/SPEC-SPEC-LINT-ID-ARG-001/spec.md	REQ-SLI-005
.moai/specs/SPEC-SPEC-LINT-ID-ARG-001/spec.md	REQ-SLI-006
.moai/specs/SPEC-SPEC-LINT-ID-ARG-001/spec.md	REQ-SLI-007
.moai/specs/SPEC-SPEC-LINT-ID-ARG-001/spec.md	REQ-SLI-008
.moai/specs/SPEC-SPEC-LINT-ID-ARG-001/spec.md	REQ-SLI-009
.moai/specs/SPEC-SPECLINT-GITBLIND-001/spec.md	REQ-SLGB-001
.moai/specs/SPEC-SPECLINT-GITBLIND-001/spec.md	REQ-SLGB-002
.moai/specs/SPEC-SPECLINT-GITBLIND-001/spec.md	REQ-SLGB-003
.moai/specs/SPEC-SPECLINT-GITBLIND-001/spec.md	REQ-SLGB-004
.moai/specs/SPEC-SPECLINT-GITBLIND-001/spec.md	REQ-SLGB-005
.moai/specs/SPEC-SPECLINT-GITBLIND-001/spec.md	REQ-SLGB-006
.moai/specs/SPEC-SPECLINT-GITBLIND-001/spec.md	REQ-SLGB-007
.moai/specs/SPEC-SPECLINT-GITBLIND-001/spec.md	REQ-SLGB-008
.moai/specs/SPEC-SPECLINT-GITBLIND-001/spec.md	REQ-SLGB-009
.moai/specs/SPEC-STATE-ANCHOR-001/spec.md	REQ-SA-001
.moai/specs/SPEC-STATE-ANCHOR-001/spec.md	REQ-SA-002
.moai/specs/SPEC-STATE-ANCHOR-001/spec.md	REQ-SA-003
.moai/specs/SPEC-STATE-ANCHOR-001/spec.md	REQ-SA-004
.moai/specs/SPEC-STATE-ANCHOR-001/spec.md	REQ-SA-005
.moai/specs/SPEC-STATE-ANCHOR-001/spec.md	REQ-SA-006
.moai/specs/SPEC-STATE-ANCHOR-001/spec.md	REQ-SA-007
.moai/specs/SPEC-STATE-ANCHOR-001/spec.md	REQ-SA-008
.moai/specs/SPEC-STATE-ANCHOR-001/spec.md	REQ-SA-009
.moai/specs/SPEC-STATE-ANCHOR-001/spec.md	REQ-SA-010
.moai/specs/SPEC-STATE-ANCHOR-001/spec.md	REQ-SA-011
.moai/specs/SPEC-STATUSLINE-WINDOWS-FALLBACK-001/spec.md	REQ-SWF-001
.moai/specs/SPEC-STATUSLINE-WINDOWS-FALLBACK-001/spec.md	REQ-SWF-002
.moai/specs/SPEC-STATUSLINE-WINDOWS-FALLBACK-001/spec.md	REQ-SWF-003
.moai/specs/SPEC-STATUSLINE-WINDOWS-FALLBACK-001/spec.md	REQ-SWF-004
.moai/specs/SPEC-STATUSLINE-WINDOWS-FALLBACK-001/spec.md	REQ-SWF-005
.moai/specs/SPEC-STATUSLINE-WINDOWS-FALLBACK-001/spec.md	REQ-SWF-006
.moai/specs/SPEC-STATUSLINE-WINDOWS-FALLBACK-001/spec.md	REQ-SWF-007
.moai/specs/SPEC-STATUSLINE-WINDOWS-FALLBACK-001/spec.md	REQ-SWF-008
.moai/specs/SPEC-STATUSLINE-WINDOWS-FALLBACK-001/spec.md	REQ-SWF-009
.moai/specs/SPEC-STATUSLINE-WINDOWS-FALLBACK-001/spec.md	REQ-SWF-010
.moai/specs/SPEC-STATUSLINE-WINDOWS-FALLBACK-001/spec.md	REQ-SWF-011
.moai/specs/SPEC-STEERING-ALIGN-CLAUDEMD-DIET-001/spec.md	REQ-CMD-001
.moai/specs/SPEC-STEERING-ALIGN-CLAUDEMD-DIET-001/spec.md	REQ-CMD-002
.moai/specs/SPEC-STEERING-ALIGN-CLAUDEMD-DIET-001/spec.md	REQ-CMD-003
.moai/specs/SPEC-STEERING-ALIGN-CLAUDEMD-DIET-001/spec.md	REQ-CMD-004
.moai/specs/SPEC-STEERING-ALIGN-CLAUDEMD-DIET-001/spec.md	REQ-CMD-005
.moai/specs/SPEC-STEERING-ALIGN-CLAUDEMD-DIET-001/spec.md	REQ-CMD-006
.moai/specs/SPEC-STEERING-ALIGN-CLAUDEMD-DIET-001/spec.md	REQ-CMD-007
.moai/specs/SPEC-STEERING-ALIGN-CLAUDEMD-DIET-001/spec.md	REQ-CMD-008
.moai/specs/SPEC-STEERING-ALIGN-CLAUDEMD-DIET-001/spec.md	REQ-CMD-009
.moai/specs/SPEC-STEERING-ALIGN-LOCAL-DIET-001/spec.md	REQ-LD-001
.moai/specs/SPEC-STEERING-ALIGN-LOCAL-DIET-001/spec.md	REQ-LD-002
.moai/specs/SPEC-STEERING-ALIGN-LOCAL-DIET-001/spec.md	REQ-LD-003
.moai/specs/SPEC-STEERING-ALIGN-LOCAL-DIET-001/spec.md	REQ-LD-004
.moai/specs/SPEC-STEERING-ALIGN-LOCAL-DIET-001/spec.md	REQ-LD-005
.moai/specs/SPEC-STEERING-ALIGN-LOCAL-DIET-001/spec.md	REQ-LD-006
.moai/specs/SPEC-STEERING-ALIGN-LOCAL-DIET-001/spec.md	REQ-LD-007
.moai/specs/SPEC-STEERING-ALIGN-OUTPUT-STYLE-SLIM-001/spec.md	REQ-OSS-001
.moai/specs/SPEC-STEERING-ALIGN-OUTPUT-STYLE-SLIM-001/spec.md	REQ-OSS-002
.moai/specs/SPEC-STEERING-ALIGN-OUTPUT-STYLE-SLIM-001/spec.md	REQ-OSS-003
.moai/specs/SPEC-STEERING-ALIGN-OUTPUT-STYLE-SLIM-001/spec.md	REQ-OSS-005
.moai/specs/SPEC-STEERING-ALIGN-OUTPUT-STYLE-SLIM-001/spec.md	REQ-OSS-006
.moai/specs/SPEC-STEERING-ALIGN-OUTPUT-STYLE-SLIM-001/spec.md	REQ-OSS-007
.moai/specs/SPEC-STEERING-ALIGN-OUTPUT-STYLE-SLIM-001/spec.md	REQ-OSS-008
.moai/specs/SPEC-STEERING-ALIGN-OUTPUT-STYLE-SLIM-001/spec.md	REQ-OSS-009
.moai/specs/SPEC-STEERING-ALIGN-RULE-SCOPING-001/spec.md	REQ-SARS-001
.moai/specs/SPEC-STEERING-ALIGN-RULE-SCOPING-001/spec.md	REQ-SARS-002
.moai/specs/SPEC-STEERING-ALIGN-RULE-SCOPING-001/spec.md	REQ-SARS-006
.moai/specs/SPEC-STEERING-ALIGN-RULE-SCOPING-001/spec.md	REQ-SARS-007
.moai/specs/SPEC-STEERING-ALIGN-RULE-SCOPING-001/spec.md	REQ-SARS-008
.moai/specs/SPEC-STEERING-ALIGN-RULE-SCOPING-001/spec.md	REQ-SARS-009
.moai/specs/SPEC-STEERING-ALIGN-RULE-SCOPING-001/spec.md	REQ-SARS-010
.moai/specs/SPEC-STOP-EVIDENCE-WRITER-001/spec.md	REQ-SEW-001
.moai/specs/SPEC-STOP-EVIDENCE-WRITER-001/spec.md	REQ-SEW-002
.moai/specs/SPEC-STOP-EVIDENCE-WRITER-001/spec.md	REQ-SEW-003
.moai/specs/SPEC-STOP-EVIDENCE-WRITER-001/spec.md	REQ-SEW-004
.moai/specs/SPEC-STOP-EVIDENCE-WRITER-001/spec.md	REQ-SEW-005
.moai/specs/SPEC-STOP-EVIDENCE-WRITER-001/spec.md	REQ-SEW-006
.moai/specs/SPEC-STOP-EVIDENCE-WRITER-001/spec.md	REQ-SEW-007
.moai/specs/SPEC-STOP-EVIDENCE-WRITER-001/spec.md	REQ-SEW-008
.moai/specs/SPEC-STOP-EVIDENCE-WRITER-001/spec.md	REQ-SEW-009
.moai/specs/SPEC-STOP-EVIDENCE-WRITER-001/spec.md	REQ-SEW-010
.moai/specs/SPEC-STOP-EVIDENCE-WRITER-001/spec.md	REQ-SEW-011
.moai/specs/SPEC-STOP-EVIDENCE-WRITER-001/spec.md	REQ-SEW-012
.moai/specs/SPEC-STOP-EVIDENCE-WRITER-001/spec.md	REQ-SEW-013
.moai/specs/SPEC-STOP-EVIDENCE-WRITER-001/spec.md	REQ-SEW-014
.moai/specs/SPEC-STOP-EVIDENCE-WRITER-001/spec.md	REQ-SEW-015
.moai/specs/SPEC-STOP-EVIDENCE-WRITER-001/spec.md	REQ-SEW-016
.moai/specs/SPEC-STOP-EVIDENCE-WRITER-001/spec.md	REQ-SEW-017
.moai/specs/SPEC-SUBAGENT-NESTING-DOCTRINE-001/spec.md	REQ-SND-002
.moai/specs/SPEC-SUBAGENT-NESTING-DOCTRINE-001/spec.md	REQ-SND-003
.moai/specs/SPEC-SUBAGENT-NESTING-DOCTRINE-001/spec.md	REQ-SND-004
.moai/specs/SPEC-SUBAGENT-NESTING-DOCTRINE-001/spec.md	REQ-SND-005
.moai/specs/SPEC-SUBAGENT-NESTING-DOCTRINE-001/spec.md	REQ-SND-006
.moai/specs/SPEC-SUBAGENT-NESTING-DOCTRINE-001/spec.md	REQ-SND-007
.moai/specs/SPEC-SUBAGENT-NESTING-DOCTRINE-001/spec.md	REQ-SND-008
.moai/specs/SPEC-SUBAGENT-NESTING-DOCTRINE-001/spec.md	REQ-SND-009
.moai/specs/SPEC-SUBAGENT-NESTING-DOCTRINE-001/spec.md	REQ-SND-010
.moai/specs/SPEC-SUBAGENT-NESTING-DOCTRINE-001/spec.md	REQ-SND-011
.moai/specs/SPEC-SUBAGENT-NESTING-DOCTRINE-001/spec.md	REQ-SND-013
.moai/specs/SPEC-SUBAGENT-NESTING-DOCTRINE-001/spec.md	REQ-SND-015
.moai/specs/SPEC-SUBAGENT-NESTING-DOCTRINE-001/spec.md	REQ-SND-016
.moai/specs/SPEC-SUBAGENT-NESTING-DOCTRINE-001/spec.md	REQ-SND-017
.moai/specs/SPEC-SUBAGENT-NESTING-DOCTRINE-001/spec.md	REQ-SND-018
.moai/specs/SPEC-SUBAGENT-NESTING-DOCTRINE-001/spec.md	REQ-SND-019
.moai/specs/SPEC-SUBCOMMAND-RETIRE-001/spec.md	REQ-SCR-001
.moai/specs/SPEC-SUBCOMMAND-RETIRE-001/spec.md	REQ-SCR-002
.moai/specs/SPEC-SUBCOMMAND-RETIRE-001/spec.md	REQ-SCR-003
.moai/specs/SPEC-SUBCOMMAND-RETIRE-001/spec.md	REQ-SCR-004
.moai/specs/SPEC-SUBCOMMAND-RETIRE-001/spec.md	REQ-SCR-005
.moai/specs/SPEC-SUBCOMMAND-RETIRE-001/spec.md	REQ-SCR-006
.moai/specs/SPEC-SUBCOMMAND-RETIRE-001/spec.md	REQ-SCR-007
.moai/specs/SPEC-SUBCOMMAND-RETIRE-001/spec.md	REQ-SCR-008
.moai/specs/SPEC-SUBCOMMAND-RETIRE-001/spec.md	REQ-SCR-009
.moai/specs/SPEC-SUBCOMMAND-RETIRE-001/spec.md	REQ-SCR-010
.moai/specs/SPEC-SUBCOMMAND-RETIRE-001/spec.md	REQ-SCR-011
.moai/specs/SPEC-SUBCOMMAND-RETIRE-001/spec.md	REQ-SCR-012
.moai/specs/SPEC-TEMPLATE-I18N-CANONICAL-001/spec.md	REQ-I18N-001
.moai/specs/SPEC-TEMPLATE-I18N-CANONICAL-001/spec.md	REQ-I18N-002
.moai/specs/SPEC-TEMPLATE-I18N-CANONICAL-001/spec.md	REQ-I18N-003
.moai/specs/SPEC-TEMPLATE-I18N-CANONICAL-001/spec.md	REQ-I18N-004
.moai/specs/SPEC-TEMPLATE-I18N-CANONICAL-001/spec.md	REQ-I18N-005
.moai/specs/SPEC-TEMPLATE-I18N-CANONICAL-001/spec.md	REQ-I18N-006
.moai/specs/SPEC-TEMPLATE-I18N-CANONICAL-001/spec.md	REQ-I18N-007
.moai/specs/SPEC-TEMPLATE-I18N-CANONICAL-001/spec.md	REQ-I18N-008
.moai/specs/SPEC-TEMPLATE-I18N-CANONICAL-001/spec.md	REQ-I18N-009
.moai/specs/SPEC-TEMPLATE-I18N-CANONICAL-001/spec.md	REQ-I18N-010
.moai/specs/SPEC-TEMPLATE-I18N-CANONICAL-001/spec.md	REQ-I18N-011
.moai/specs/SPEC-TEMPLATE-I18N-CANONICAL-001/spec.md	REQ-I18N-012
.moai/specs/SPEC-TEMPLATE-I18N-CANONICAL-001/spec.md	REQ-I18N-013
.moai/specs/SPEC-TEMPLATE-RULES-CLEANUP-001/spec.md	REQ-TRC-001
.moai/specs/SPEC-TEMPLATE-RULES-CLEANUP-001/spec.md	REQ-TRC-002
.moai/specs/SPEC-TEMPLATE-RULES-CLEANUP-001/spec.md	REQ-TRC-003
.moai/specs/SPEC-TEMPLATE-RULES-CLEANUP-001/spec.md	REQ-TRC-010
.moai/specs/SPEC-TEMPLATE-RULES-CLEANUP-001/spec.md	REQ-TRC-011
.moai/specs/SPEC-TEMPLATE-RULES-CLEANUP-001/spec.md	REQ-TRC-012
.moai/specs/SPEC-TEMPLATE-RULES-CLEANUP-001/spec.md	REQ-TRC-020
.moai/specs/SPEC-TEMPLATE-RULES-CLEANUP-001/spec.md	REQ-TRC-021
.moai/specs/SPEC-TEMPLATE-RULES-CLEANUP-001/spec.md	REQ-TRC-022
.moai/specs/SPEC-TEMPLATE-RULES-CLEANUP-001/spec.md	REQ-TRC-023
.moai/specs/SPEC-TEMPLATE-RULES-CLEANUP-001/spec.md	REQ-TRC-024
.moai/specs/SPEC-TEMPLATE-RULES-CLEANUP-001/spec.md	REQ-TRC-025
.moai/specs/SPEC-TEMPLATE-RULES-CLEANUP-001/spec.md	REQ-TRC-026
.moai/specs/SPEC-TEMPLATE-RULES-CLEANUP-001/spec.md	REQ-TRC-027
.moai/specs/SPEC-TEMPLATE-RULES-CLEANUP-001/spec.md	REQ-TRC-030
.moai/specs/SPEC-TEMPLATE-RULES-CLEANUP-001/spec.md	REQ-TRC-031
.moai/specs/SPEC-TEMPLATE-RULES-CLEANUP-001/spec.md	REQ-TRC-032
.moai/specs/SPEC-TEMPLATE-RULES-CLEANUP-001/spec.md	REQ-TRC-040
.moai/specs/SPEC-TEMPLATE-RULES-CLEANUP-001/spec.md	REQ-TRC-041
.moai/specs/SPEC-TEMPLATE-RULES-CLEANUP-001/spec.md	REQ-TRC-050
.moai/specs/SPEC-TEMPLATE-RULES-CLEANUP-001/spec.md	REQ-TRC-051
.moai/specs/SPEC-TEMPLATE-RULES-CLEANUP-001/spec.md	REQ-TRC-060
.moai/specs/SPEC-TEMPLATE-RULES-CLEANUP-001/spec.md	REQ-TRC-064
.moai/specs/SPEC-TEMPLATE-RULES-CLEANUP-001/spec.md	REQ-TRC-065
.moai/specs/SPEC-TEMPLATE-RULES-CLEANUP-001/spec.md	REQ-TRC-066
.moai/specs/SPEC-TODO-ARCHIVE-QUERY-001/spec.md	REQ-TAQ-001
.moai/specs/SPEC-TODO-ARCHIVE-QUERY-001/spec.md	REQ-TAQ-002
.moai/specs/SPEC-TODO-ARCHIVE-QUERY-001/spec.md	REQ-TAQ-003
.moai/specs/SPEC-TODO-ARCHIVE-QUERY-001/spec.md	REQ-TAQ-004
.moai/specs/SPEC-TODO-ARCHIVE-QUERY-001/spec.md	REQ-TAQ-005
.moai/specs/SPEC-TODO-ARCHIVE-QUERY-001/spec.md	REQ-TAQ-006
.moai/specs/SPEC-TODO-ARCHIVE-QUERY-001/spec.md	REQ-TAQ-007
.moai/specs/SPEC-TODO-ARCHIVE-QUERY-001/spec.md	REQ-TAQ-008
.moai/specs/SPEC-TODO-ARCHIVE-QUERY-001/spec.md	REQ-TAQ-009
.moai/specs/SPEC-TODO-ARCHIVE-QUERY-001/spec.md	REQ-TAQ-010
.moai/specs/SPEC-TODO-ARCHIVE-QUERY-001/spec.md	REQ-TAQ-011
.moai/specs/SPEC-TODO-ARCHIVE-QUERY-001/spec.md	REQ-TAQ-012
.moai/specs/SPEC-TODO-ARCHIVE-QUERY-001/spec.md	REQ-TAQ-013
.moai/specs/SPEC-TODO-ARCHIVE-QUERY-001/spec.md	REQ-TAQ-014
.moai/specs/SPEC-TODO-ARCHIVE-QUERY-001/spec.md	REQ-TAQ-015
.moai/specs/SPEC-TOKEN-ACCOUNTING-001/spec.md	REQ-TA-001
.moai/specs/SPEC-TOKEN-ACCOUNTING-001/spec.md	REQ-TA-002
.moai/specs/SPEC-TOKEN-ACCOUNTING-001/spec.md	REQ-TA-003
.moai/specs/SPEC-TOKEN-ACCOUNTING-001/spec.md	REQ-TA-005
.moai/specs/SPEC-TOKEN-ACCOUNTING-001/spec.md	REQ-TA-007
.moai/specs/SPEC-TOKEN-ACCOUNTING-001/spec.md	REQ-TA-009
.moai/specs/SPEC-TOKEN-ACCOUNTING-001/spec.md	REQ-TA-010
.moai/specs/SPEC-TOKEN-ACCOUNTING-001/spec.md	REQ-TA-014
.moai/specs/SPEC-UPDATE-ADD-CODEX-001/spec.md	REQ-UAC-001
.moai/specs/SPEC-UPDATE-ADD-CODEX-001/spec.md	REQ-UAC-002
.moai/specs/SPEC-UPDATE-ADD-CODEX-001/spec.md	REQ-UAC-003
.moai/specs/SPEC-UPDATE-ADD-CODEX-001/spec.md	REQ-UAC-004
.moai/specs/SPEC-UPDATE-ADD-CODEX-001/spec.md	REQ-UAC-005
.moai/specs/SPEC-UPDATE-ADD-CODEX-001/spec.md	REQ-UAC-006
.moai/specs/SPEC-UPDATE-ADD-CODEX-001/spec.md	REQ-UAC-007
.moai/specs/SPEC-UPDATE-ADD-CODEX-001/spec.md	REQ-UAC-008
.moai/specs/SPEC-UPDATE-ADD-CODEX-001/spec.md	REQ-UAC-009
.moai/specs/SPEC-UPDATE-ADD-CODEX-001/spec.md	REQ-UAC-010
.moai/specs/SPEC-UPDATE-ADD-CODEX-001/spec.md	REQ-UAC-011
.moai/specs/SPEC-UPDATE-ADD-CODEX-001/spec.md	REQ-UAC-012
.moai/specs/SPEC-UPDATE-ADD-CODEX-001/spec.md	REQ-UAC-013
.moai/specs/SPEC-UPDATE-ADD-CODEX-001/spec.md	REQ-UAC-014
.moai/specs/SPEC-UPDATE-DATA-SURVIVAL-001/spec.md	REQ-UDS-001
.moai/specs/SPEC-UPDATE-DATA-SURVIVAL-001/spec.md	REQ-UDS-002
.moai/specs/SPEC-UPDATE-DATA-SURVIVAL-001/spec.md	REQ-UDS-003
.moai/specs/SPEC-UPDATE-DATA-SURVIVAL-001/spec.md	REQ-UDS-004
.moai/specs/SPEC-UPDATE-DATA-SURVIVAL-001/spec.md	REQ-UDS-005
.moai/specs/SPEC-UPDATE-DATA-SURVIVAL-001/spec.md	REQ-UDS-006
.moai/specs/SPEC-UPDATE-DATA-SURVIVAL-001/spec.md	REQ-UDS-007
.moai/specs/SPEC-UPDATE-DATA-SURVIVAL-001/spec.md	REQ-UDS-008
.moai/specs/SPEC-UPDATE-DATA-SURVIVAL-001/spec.md	REQ-UDS-009
.moai/specs/SPEC-UPDATE-DATA-SURVIVAL-001/spec.md	REQ-UDS-010
.moai/specs/SPEC-UPDATE-DATA-SURVIVAL-001/spec.md	REQ-UDS-011
.moai/specs/SPEC-UPDATE-DATA-SURVIVAL-001/spec.md	REQ-UDS-012
.moai/specs/SPEC-UPDATE-DATA-SURVIVAL-001/spec.md	REQ-UDS-013
.moai/specs/SPEC-UPDATE-DATA-SURVIVAL-001/spec.md	REQ-UDS-014
.moai/specs/SPEC-UPDATE-DATA-SURVIVAL-001/spec.md	REQ-UDS-015
.moai/specs/SPEC-UPDATE-DATA-SURVIVAL-001/spec.md	REQ-UDS-016
.moai/specs/SPEC-UPDATE-DATA-SURVIVAL-001/spec.md	REQ-UDS-017
.moai/specs/SPEC-UPDATE-DATA-SURVIVAL-001/spec.md	REQ-UDS-018
.moai/specs/SPEC-UPDATE-DATA-SURVIVAL-001/spec.md	REQ-UDS-019
.moai/specs/SPEC-UPDATE-DATA-SURVIVAL-001/spec.md	REQ-UDS-020
.moai/specs/SPEC-UPDATE-DATA-SURVIVAL-001/spec.md	REQ-UDS-021
.moai/specs/SPEC-UPDATE-DATA-SURVIVAL-001/spec.md	REQ-UDS-022
.moai/specs/SPEC-UPDATE-DATA-SURVIVAL-001/spec.md	REQ-UDS-023
.moai/specs/SPEC-UPDATE-DATA-SURVIVAL-001/spec.md	REQ-UDS-024
.moai/specs/SPEC-UPDATE-DATA-SURVIVAL-001/spec.md	REQ-UDS-025
.moai/specs/SPEC-UPDATE-DATA-SURVIVAL-001/spec.md	REQ-UDS-026
.moai/specs/SPEC-UPDATE-DATA-SURVIVAL-001/spec.md	REQ-UDS-027
.moai/specs/SPEC-UPDATE-DATA-SURVIVAL-001/spec.md	REQ-UDS-028
.moai/specs/SPEC-UPDATE-GUARD-EFFICACY-001/spec.md	REQ-UGE-001
.moai/specs/SPEC-UPDATE-GUARD-EFFICACY-001/spec.md	REQ-UGE-002
.moai/specs/SPEC-UPDATE-GUARD-EFFICACY-001/spec.md	REQ-UGE-003
.moai/specs/SPEC-UPDATE-GUARD-EFFICACY-001/spec.md	REQ-UGE-004
.moai/specs/SPEC-UPDATE-GUARD-EFFICACY-001/spec.md	REQ-UGE-005
.moai/specs/SPEC-UPDATE-GUARD-EFFICACY-001/spec.md	REQ-UGE-006
.moai/specs/SPEC-UPDATE-GUARD-EFFICACY-001/spec.md	REQ-UGE-007
.moai/specs/SPEC-UPDATE-GUARD-EFFICACY-001/spec.md	REQ-UGE-008
.moai/specs/SPEC-UPDATE-GUARD-EFFICACY-001/spec.md	REQ-UGE-009
.moai/specs/SPEC-UPDATE-GUARD-EFFICACY-001/spec.md	REQ-UGE-010
.moai/specs/SPEC-UPDATE-GUARD-EFFICACY-001/spec.md	REQ-UGE-011
.moai/specs/SPEC-UPDATE-GUARD-EFFICACY-001/spec.md	REQ-UGE-012
.moai/specs/SPEC-UPDATE-GUARD-EFFICACY-001/spec.md	REQ-UGE-013
.moai/specs/SPEC-UPDATE-REINSTALL-LOOP-001/spec.md	REQ-RIL-001
.moai/specs/SPEC-UPDATE-REINSTALL-LOOP-001/spec.md	REQ-RIL-002
.moai/specs/SPEC-UPDATE-REINSTALL-LOOP-001/spec.md	REQ-RIL-003
.moai/specs/SPEC-UPDATE-REINSTALL-LOOP-001/spec.md	REQ-RIL-004
.moai/specs/SPEC-UPDATE-REINSTALL-LOOP-001/spec.md	REQ-RIL-007
.moai/specs/SPEC-UPDATE-REINSTALL-LOOP-001/spec.md	REQ-RIL-008
.moai/specs/SPEC-UPDATE-REINSTALL-LOOP-001/spec.md	REQ-RIL-009
.moai/specs/SPEC-UPDATE-REINSTALL-LOOP-001/spec.md	REQ-RIL-010
.moai/specs/SPEC-V3R3-DESIGN-FOLDER-FIX-001/spec.md	REQ-DFF-001
.moai/specs/SPEC-V3R3-DESIGN-FOLDER-FIX-001/spec.md	REQ-DFF-002
.moai/specs/SPEC-V3R3-DESIGN-FOLDER-FIX-001/spec.md	REQ-DFF-003
.moai/specs/SPEC-V3R3-DESIGN-FOLDER-FIX-001/spec.md	REQ-DFF-004
.moai/specs/SPEC-V3R3-DESIGN-FOLDER-FIX-001/spec.md	REQ-DFF-005
.moai/specs/SPEC-V3R3-DESIGN-FOLDER-FIX-001/spec.md	REQ-DFF-006
.moai/specs/SPEC-V3R3-DESIGN-FOLDER-FIX-001/spec.md	REQ-DFF-007
.moai/specs/SPEC-V3R3-DESIGN-FOLDER-FIX-001/spec.md	REQ-DFF-008
.moai/specs/SPEC-V3R5-WORKFLOW-OPT-001/spec.md	REQ-WO-001
.moai/specs/SPEC-V3R5-WORKFLOW-OPT-001/spec.md	REQ-WO-002
.moai/specs/SPEC-V3R5-WORKFLOW-OPT-001/spec.md	REQ-WO-003
.moai/specs/SPEC-V3R5-WORKFLOW-OPT-001/spec.md	REQ-WO-004
.moai/specs/SPEC-V3R5-WORKFLOW-OPT-001/spec.md	REQ-WO-010
.moai/specs/SPEC-V3R5-WORKFLOW-OPT-001/spec.md	REQ-WO-011
.moai/specs/SPEC-V3R5-WORKFLOW-OPT-001/spec.md	REQ-WO-012
.moai/specs/SPEC-V3R5-WORKFLOW-OPT-001/spec.md	REQ-WO-013
.moai/specs/SPEC-V3R5-WORKFLOW-OPT-001/spec.md	REQ-WO-020
.moai/specs/SPEC-V3R5-WORKFLOW-OPT-001/spec.md	REQ-WO-021
.moai/specs/SPEC-V3R5-WORKFLOW-OPT-001/spec.md	REQ-WO-022
.moai/specs/SPEC-V3R5-WORKFLOW-OPT-001/spec.md	REQ-WO-023
.moai/specs/SPEC-V3R5-WORKFLOW-OPT-001/spec.md	REQ-WO-040
.moai/specs/SPEC-V3R5-WORKFLOW-OPT-001/spec.md	REQ-WO-041
.moai/specs/SPEC-V3R6-AGENTIC-LOOP-CONFIG-001/spec.md	REQ-ALC-001
.moai/specs/SPEC-V3R6-AGENTIC-LOOP-CONFIG-001/spec.md	REQ-ALC-002
.moai/specs/SPEC-V3R6-AGENTIC-LOOP-CONFIG-001/spec.md	REQ-ALC-003
.moai/specs/SPEC-V3R6-AGENTIC-LOOP-CONFIG-001/spec.md	REQ-ALC-004
.moai/specs/SPEC-V3R6-AGENTIC-LOOP-CONFIG-001/spec.md	REQ-ALC-005
.moai/specs/SPEC-V3R6-AGENTIC-LOOP-CONFIG-001/spec.md	REQ-ALC-006
.moai/specs/SPEC-V3R6-AGENTIC-LOOP-CONFIG-001/spec.md	REQ-ALC-007
.moai/specs/SPEC-V3R6-AGENTIC-LOOP-CONFIG-001/spec.md	REQ-ALC-008
.moai/specs/SPEC-V3R6-AGENTIC-LOOP-CONFIG-001/spec.md	REQ-ALC-009
.moai/specs/SPEC-V3R6-AGENTIC-LOOP-CONFIG-001/spec.md	REQ-ALC-010
.moai/specs/SPEC-V3R6-AGENTIC-LOOP-CONFIG-001/spec.md	REQ-ALC-011
.moai/specs/SPEC-V3R6-CG-MODE-HARDENING-001/spec.md	REQ-CGH-001
.moai/specs/SPEC-V3R6-CG-MODE-HARDENING-001/spec.md	REQ-CGH-002
.moai/specs/SPEC-V3R6-CG-MODE-HARDENING-001/spec.md	REQ-CGH-003
.moai/specs/SPEC-V3R6-CG-MODE-HARDENING-001/spec.md	REQ-CGH-004
.moai/specs/SPEC-V3R6-CG-MODE-HARDENING-001/spec.md	REQ-CGH-005
.moai/specs/SPEC-V3R6-CG-MODE-HARDENING-001/spec.md	REQ-CGH-006
.moai/specs/SPEC-V3R6-CG-MODE-HARDENING-001/spec.md	REQ-CGH-007
.moai/specs/SPEC-V3R6-CG-MODE-HARDENING-001/spec.md	REQ-CGH-008
.moai/specs/SPEC-V3R6-CG-MODE-HARDENING-001/spec.md	REQ-CGH-009
.moai/specs/SPEC-V3R6-CG-MODE-HARDENING-001/spec.md	REQ-CGH-010
.moai/specs/SPEC-V3R6-DRIFT-LEGACY-CONVENTION-001/spec.md	REQ-DLC-001
.moai/specs/SPEC-V3R6-DRIFT-LEGACY-CONVENTION-001/spec.md	REQ-DLC-002
.moai/specs/SPEC-V3R6-DRIFT-LEGACY-CONVENTION-001/spec.md	REQ-DLC-003
.moai/specs/SPEC-V3R6-DRIFT-LEGACY-CONVENTION-001/spec.md	REQ-DLC-004
.moai/specs/SPEC-V3R6-DRIFT-LEGACY-CONVENTION-001/spec.md	REQ-DLC-005
.moai/specs/SPEC-V3R6-DRIFT-LEGACY-CONVENTION-001/spec.md	REQ-DLC-006
.moai/specs/SPEC-V3R6-DRIFT-LEGACY-CONVENTION-001/spec.md	REQ-DLC-007
.moai/specs/SPEC-V3R6-DRIFT-LEGACY-CONVENTION-001/spec.md	REQ-DLC-008
.moai/specs/SPEC-V3R6-DRIFT-LEGACY-CONVENTION-001/spec.md	REQ-DLC-009
.moai/specs/SPEC-V3R6-DRIFT-LEGACY-CONVENTION-001/spec.md	REQ-DLC-010
.moai/specs/SPEC-V3R6-DRIFT-LEGACY-CONVENTION-001/spec.md	REQ-DLC-011
.moai/specs/SPEC-V3R6-HOOK-OBSERVE-OPT-IN-001/spec.md	REQ-HOI-001
.moai/specs/SPEC-V3R6-HOOK-OBSERVE-OPT-IN-001/spec.md	REQ-HOI-002
.moai/specs/SPEC-V3R6-HOOK-OBSERVE-OPT-IN-001/spec.md	REQ-HOI-003
.moai/specs/SPEC-V3R6-HOOK-OBSERVE-OPT-IN-001/spec.md	REQ-HOI-004
.moai/specs/SPEC-V3R6-HOOK-OBSERVE-OPT-IN-001/spec.md	REQ-HOI-005
.moai/specs/SPEC-V3R6-TEST-REFACTOR-001/spec.md	REQ-TST-001
.moai/specs/SPEC-V3R6-TEST-REFACTOR-001/spec.md	REQ-TST-002
.moai/specs/SPEC-V3R6-TEST-REFACTOR-001/spec.md	REQ-TST-003
.moai/specs/SPEC-V3R6-TEST-REFACTOR-001/spec.md	REQ-TST-004
.moai/specs/SPEC-V3R6-TEST-REFACTOR-001/spec.md	REQ-TST-005
.moai/specs/SPEC-V3R6-TEST-REFACTOR-001/spec.md	REQ-TST-006
.moai/specs/SPEC-V3R6-TEST-REFACTOR-001/spec.md	REQ-TST-007
.moai/specs/SPEC-V3R6-TEST-REFACTOR-001/spec.md	REQ-TST-008
.moai/specs/SPEC-V3R6-TEST-REFACTOR-001/spec.md	REQ-TST-009
.moai/specs/SPEC-V3R6-TEST-REFACTOR-001/spec.md	REQ-TST-010
.moai/specs/SPEC-V3R6-TEST-REFACTOR-001/spec.md	REQ-TST-011
.moai/specs/SPEC-V3R6-TEST-REFACTOR-001/spec.md	REQ-TST-012
.moai/specs/SPEC-V3R6-TEST-REFACTOR-001/spec.md	REQ-TST-013
.moai/specs/SPEC-V3R6-UPDATE-NOISE-001/spec.md	REQ-UN-001
.moai/specs/SPEC-V3R6-UPDATE-NOISE-001/spec.md	REQ-UN-002
.moai/specs/SPEC-V3R6-UPDATE-NOISE-001/spec.md	REQ-UN-004
.moai/specs/SPEC-V3R6-UPDATE-NOISE-001/spec.md	REQ-UN-005
.moai/specs/SPEC-V3R6-UPDATE-NOISE-001/spec.md	REQ-UN-006
.moai/specs/SPEC-V3R6-UPDATE-NOISE-001/spec.md	REQ-UN-007
.moai/specs/SPEC-V3R6-UPDATE-NOISE-001/spec.md	REQ-UN-008
.moai/specs/SPEC-V3R6-UPDATE-NOISE-001/spec.md	REQ-UN-009
.moai/specs/SPEC-V3R6-UPDATE-NOISE-001/spec.md	REQ-UN-010
.moai/specs/SPEC-V3R6-UPDATE-NOISE-001/spec.md	REQ-UN-011
.moai/specs/SPEC-V3R6-WORKFLOW-AGENT-DOC-ALIGN-001/spec.md	REQ-WADA-001
.moai/specs/SPEC-V3R6-WORKFLOW-AGENT-DOC-ALIGN-001/spec.md	REQ-WADA-008
.moai/specs/SPEC-V3R6-WORKFLOW-AGENT-DOC-ALIGN-001/spec.md	REQ-WADA-009
.moai/specs/SPEC-V3R6-WORKFLOW-AGENT-DOC-ALIGN-001/spec.md	REQ-WADA-011
.moai/specs/SPEC-V3R6-WORKFLOW-AGENT-DOC-ALIGN-001/spec.md	REQ-WADA-014
.moai/specs/SPEC-V3R6-WORKFLOW-AGENT-DOC-ALIGN-001/spec.md	REQ-WADA-016
.moai/specs/SPEC-V3R6-WORKFLOW-DOCS-001/spec.md	REQ-WFD-001
.moai/specs/SPEC-V3R6-WORKFLOW-DOCS-001/spec.md	REQ-WFD-002
.moai/specs/SPEC-V3R6-WORKFLOW-DOCS-001/spec.md	REQ-WFD-003
.moai/specs/SPEC-V3R6-WORKFLOW-DOCS-001/spec.md	REQ-WFD-004
.moai/specs/SPEC-V3R6-WORKFLOW-DOCS-001/spec.md	REQ-WFD-005
.moai/specs/SPEC-V3R6-WORKFLOW-DOCS-001/spec.md	REQ-WFD-006
.moai/specs/SPEC-V3R6-WORKFLOW-DOCS-001/spec.md	REQ-WFD-007
.moai/specs/SPEC-V3R6-WORKFLOW-DOCS-001/spec.md	REQ-WFD-010
.moai/specs/SPEC-V3R6-WORKFLOW-DOCS-001/spec.md	REQ-WFD-011
.moai/specs/SPEC-WEB-TODO-QUEUE-001/spec.md	REQ-WTQ-001
.moai/specs/SPEC-WEB-TODO-QUEUE-001/spec.md	REQ-WTQ-002
.moai/specs/SPEC-WEB-TODO-QUEUE-001/spec.md	REQ-WTQ-003
.moai/specs/SPEC-WEB-TODO-QUEUE-001/spec.md	REQ-WTQ-004
.moai/specs/SPEC-WEB-TODO-QUEUE-001/spec.md	REQ-WTQ-005
.moai/specs/SPEC-WEB-TODO-QUEUE-001/spec.md	REQ-WTQ-006
.moai/specs/SPEC-WEB-TODO-QUEUE-001/spec.md	REQ-WTQ-007
.moai/specs/SPEC-WEB-TODO-QUEUE-001/spec.md	REQ-WTQ-008
.moai/specs/SPEC-WORKFLOW-CACHE-OPT-001/spec.md	REQ-AUDIT-001
.moai/specs/SPEC-WORKFLOW-CACHE-OPT-001/spec.md	REQ-AUDIT-002
.moai/specs/SPEC-WORKFLOW-CACHE-OPT-001/spec.md	REQ-AUDIT-003
.moai/specs/SPEC-WORKFLOW-CACHE-OPT-001/spec.md	REQ-AUDIT-004
.moai/specs/SPEC-WORKFLOW-CACHE-OPT-001/spec.md	REQ-BOOK-001
.moai/specs/SPEC-WORKFLOW-CACHE-OPT-001/spec.md	REQ-BOOK-002
.moai/specs/SPEC-WORKFLOW-CACHE-OPT-001/spec.md	REQ-BOOK-003
.moai/specs/SPEC-WORKFLOW-CACHE-OPT-001/spec.md	REQ-BOOK-004
.moai/specs/SPEC-WORKFLOW-CACHE-OPT-001/spec.md	REQ-BOOK-005
.moai/specs/SPEC-WORKFLOW-CACHE-OPT-001/spec.md	REQ-DELEG-001
.moai/specs/SPEC-WORKFLOW-CACHE-OPT-001/spec.md	REQ-DELEG-002
.moai/specs/SPEC-WORKFLOW-CACHE-OPT-001/spec.md	REQ-DELEG-003
.moai/specs/SPEC-WORKFLOW-CACHE-OPT-001/spec.md	REQ-DELEG-004
.moai/specs/SPEC-WORKFLOW-CACHE-OPT-001/spec.md	REQ-DELEG-005
.moai/specs/SPEC-WORKFLOW-CACHE-OPT-001/spec.md	REQ-DELEG-006
.moai/specs/SPEC-WORKFLOW-CACHE-OPT-001/spec.md	REQ-GATE-001
.moai/specs/SPEC-WORKFLOW-CACHE-OPT-001/spec.md	REQ-GATE-002
.moai/specs/SPEC-WORKFLOW-CACHE-OPT-001/spec.md	REQ-GATE-003
.moai/specs/SPEC-WORKFLOW-CACHE-OPT-001/spec.md	REQ-GATE-004
.moai/specs/SPEC-WORKFLOW-CACHE-OPT-001/spec.md	REQ-GATE-005
.moai/specs/SPEC-WORKFLOW-CACHE-OPT-001/spec.md	REQ-GATE-006
.moai/specs/SPEC-WORKFLOW-CACHE-OPT-001/spec.md	REQ-GUARD-001
.moai/specs/SPEC-WORKFLOW-CACHE-OPT-001/spec.md	REQ-GUARD-002
.moai/specs/SPEC-WORKFLOW-CACHE-OPT-001/spec.md	REQ-GUARD-003
.moai/specs/SPEC-WORKFLOW-CACHE-OPT-001/spec.md	REQ-GUARD-004
.moai/specs/SPEC-WORKFLOW-CACHE-OPT-001/spec.md	REQ-SNAP-001
.moai/specs/SPEC-WORKFLOW-CACHE-OPT-001/spec.md	REQ-SNAP-002
.moai/specs/SPEC-WORKFLOW-CACHE-OPT-001/spec.md	REQ-SNAP-003
.moai/specs/SPEC-WORKFLOW-CACHE-OPT-001/spec.md	REQ-SNAP-004
.moai/specs/SPEC-WORKFLOW-CACHE-OPT-001/spec.md	REQ-SNAP-005
.moai/specs/SPEC-WORKFLOW-CACHE-OPT-001/spec.md	REQ-SNAP-006
.moai/specs/SPEC-WORKFLOW-CACHE-OPT-001/spec.md	REQ-SNAP-007
.moai/specs/SPEC-WORKFLOW-CACHE-OPT-001/spec.md	REQ-SNAP-008
.moai/specs/SPEC-WORKFLOW-CACHE-OPT-001/spec.md	REQ-SNAP-009
.moai/specs/SPEC-WORKFLOW-CACHE-OPT-001/spec.md	REQ-SNAP-010
.moai/specs/SPEC-WORKFLOW-CACHE-OPT-001/spec.md	REQ-SNAP-011
.moai/specs/SPEC-ZONE-REGISTRY-RESYNC-001/spec.md	REQ-ZRR-001
.moai/specs/SPEC-ZONE-REGISTRY-RESYNC-001/spec.md	REQ-ZRR-002
.moai/specs/SPEC-ZONE-REGISTRY-RESYNC-001/spec.md	REQ-ZRR-003
.moai/specs/SPEC-ZONE-REGISTRY-RESYNC-001/spec.md	REQ-ZRR-004
.moai/specs/SPEC-ZONE-REGISTRY-RESYNC-001/spec.md	REQ-ZRR-005
.moai/specs/SPEC-ZONE-REGISTRY-RESYNC-001/spec.md	REQ-ZRR-006
.moai/specs/SPEC-ZONE-REGISTRY-RESYNC-001/spec.md	REQ-ZRR-007
.moai/specs/SPEC-ZONE-REGISTRY-RESYNC-001/spec.md	REQ-ZRR-008
.moai/specs/SPEC-ZONE-REGISTRY-RESYNC-001/spec.md	REQ-ZRR-009
.moai/specs/SPEC-ZONE-REGISTRY-RESYNC-001/spec.md	REQ-ZRR-010
.moai/specs/SPEC-ZONE-REGISTRY-RESYNC-001/spec.md	REQ-ZRR-011
.moai/specs/SPEC-ZONE-REGISTRY-RESYNC-001/spec.md	REQ-ZRR-012
.moai/specs/SPEC-ZONE-REGISTRY-RESYNC-001/spec.md	REQ-ZRR-013
.moai/specs/SPEC-ZONE-REGISTRY-RESYNC-001/spec.md	REQ-ZRR-014
.moai/specs/SPEC-ZONE-REGISTRY-RESYNC-001/spec.md	REQ-ZRR-015
